msa,Geography,Estimate!!Total,"Estimate!!Total!!Car, truck, or van","Estimate!!Total!!Car, truck, or van!!Drove alone","Estimate!!Total!!Car, truck, or van!!Carpooled","Estimate!!Total!!Car, truck, or van!!Carpooled!!In 2-person carpool","Estimate!!Total!!Car, truck, or van!!Carpooled!!In 3-person carpool","Estimate!!Total!!Car, truck, or van!!Carpooled!!In 4-or-more-person carpool",Estimate!!Total!!Public transportation (excluding taxicab),Estimate!!Total!!Public transportation (excluding taxicab)!!Bus,Estimate!!Total!!Public transportation (excluding taxicab)!!Subway or elevated rail,Estimate!!Total!!Public transportation (excluding taxicab)!!Long-distance train or commuter rail,"Estimate!!Total!!Public transportation (excluding taxicab)!!Light rail, streetcar or trolley (carro público in Puerto Rico)",Estimate!!Total!!Public transportation (excluding taxicab)!!Ferryboat,Estimate!!Total!!Bicycle,Estimate!!Total!!Walked,"Estimate!!Total!!Taxicab, motorcycle, or other means",Estimate!!Total!!Worked from home
"Abilene, TX",310M500US10180,77559,70475,62273,8202,6377,1025,800,396,396,0,0,0,0,206,1507,710,4265
"Aguadilla-Isabela, PR",310M500US10380,78523,73173,65207,7966,5329,1880,757,325,82,55,0,106,82,292,2200,651,1882
"Akron, OH",310M500US10420,342768,314823,290234,24589,18892,3512,2185,4467,4390,9,0,29,39,332,5460,2105,15581
"Albany, GA",310M500US10500,59476,55092,48289,6803,5242,1122,439,592,588,0,0,4,0,78,943,539,2232
"Albany-Lebanon, OR",310M500US10540,53881,48759,42726,6033,4725,857,451,92,71,3,16,2,0,348,1199,810,2673
"Albany-Schenectady-Troy, NY",310M500US10580,443109,387074,351556,35518,28703,4405,2410,16033,15314,207,364,66,82,1243,14765,3810,20184
"Albuquerque, NM",310M500US10740,414137,373474,333885,39589,29859,6154,3576,6254,5357,22,805,24,46,3243,6858,4381,19927
"Alexandria, LA",310M500US10780,61254,55753,49819,5934,4827,571,536,997,983,14,0,0,0,109,1243,1737,1415
"Allentown-Bethlehem-Easton, PA-NJ",310M500US10900,406612,366210,332131,34079,26080,4994,3005,6965,6281,219,338,41,86,761,9580,4392,18704
"Altoona, PA",310M500US11020,55724,51098,46309,4789,3775,457,557,640,629,4,7,0,0,101,1600,385,1900
"Amarillo, TX",310M500US11100,125336,117555,104252,13303,9149,2413,1741,375,366,0,0,0,9,255,1910,1266,3975
"Ames, IA",310M500US11180,64188,52927,48047,4880,4128,509,243,3180,3174,0,6,0,0,1077,3642,423,2939
"Anchorage, AK",310M500US11260,196295,171242,148641,22601,17385,2924,2292,2646,2620,4,0,0,22,2009,5227,6257,8914
"Ann Arbor, MI",310M500US11460,185365,147886,133178,14708,11479,2209,1020,9543,9385,138,0,20,0,2881,12994,1118,10943
"Anniston-Oxford, AL",310M500US11500,47207,44800,39831,4969,3783,518,668,185,124,0,0,61,0,0,636,387,1199
"Appleton, WI",310M500US11540,126653,116321,108293,8028,6133,1186,709,625,619,0,0,0,6,479,2699,875,5654
"Arecibo, PR",310M500US11640,50091,47515,45133,2382,1745,384,253,164,78,0,0,69,17,47,966,185,1214
"Asheville, NC",310M500US11700,213127,187463,168808,18655,13308,3526,1821,929,811,17,0,17,84,464,4205,2092,17974
"Athens-Clarke County, GA",310M500US12020,97111,84098,74075,10023,6969,2513,541,2725,2708,17,0,0,0,866,2851,1130,5441
"Atlanta-Sandy Springs-Alpharetta, GA",310M500US12060,2857053,2473116,2209681,263435,196318,39546,27571,85842,57308,24061,3285,975,213,5429,37775,44734,210157
"Atlantic City-Hammonton, NJ",310M500US12100,124793,106611,96855,9756,7722,901,1133,6858,6329,98,371,35,25,492,4568,2301,3963
"Auburn-Opelika, AL",310M500US12220,73873,67981,61355,6626,5325,877,424,534,481,53,0,0,0,202,1595,617,2944
"Augusta-Richmond County, GA-SC",310M500US12260,258693,240157,217496,22661,17156,3014,2491,2119,2026,18,42,0,33,377,4012,4029,7999
"Austin-Round Rock-Georgetown, TX",310M500US12420,1114985,952333,850278,102055,77433,14397,10225,22570,20080,704,1466,220,100,8492,20222,13285,98083
"Bakersfield, CA",310M500US12540,337438,312464,271759,40705,26525,7720,6460,2760,2550,14,39,81,76,1168,3416,6175,11455
"Baltimore-Columbia-Towson, MD",310M500US12580,1402907,1187162,1073294,113868,90206,14196,9466,86943,58916,13674,12844,1112,397,4205,36361,16967,71269
"Bangor, ME",310M500US12620,71300,63941,56872,7069,5628,907,534,301,281,20,0,0,0,160,2698,949,3251
"Barnstable Town, MA",310M500US12700,103802,90685,82835,7850,6668,840,342,1526,859,196,80,34,357,507,2435,1072,7577
"Baton Rouge, LA",310M500US12940,393379,367640,333574,34066,24364,6144,3558,3332,3239,0,42,25,26,1021,5999,3381,12006
"Battle Creek, MI",310M500US12980,58637,53622,48332,5290,4099,643,548,582,558,6,0,0,18,195,1796,442,2000
"Bay City, MI",310M500US13020,46051,43026,39817,3209,2431,505,273,272,272,0,0,0,0,234,618,228,1673
"Beaumont-Port Arthur, TX",310M500US13140,165383,158471,145958,12513,9688,1644,1181,789,724,30,0,35,0,104,1529,1330,3160
"Beckley, WV",310M500US13220,42991,39401,34815,4586,3884,407,295,113,113,0,0,0,0,17,1075,754,1631
"Bellingham, WA",310M500US13380,104723,88877,79910,8967,6592,1013,1362,2626,2559,26,5,0,36,1874,3873,1083,6390
"Bend, OR",310M500US13460,89194,74677,66401,8276,6722,909,645,236,220,0,16,0,0,1475,1883,901,10022
"Billings, MT",310M500US13740,89479,80932,72995,7937,6010,728,1199,551,538,0,0,0,13,392,2808,893,3903
"Binghamton, NY",310M500US13780,106620,95877,86776,9101,7357,1016,728,2856,2637,186,23,0,10,254,3867,630,3136
"Birmingham-Hoover, AL",310M500US13820,490858,459964,414441,45523,34887,6119,4517,2828,2689,12,25,86,16,465,5398,4406,17797
"Bismarck, ND",310M500US13900,69020,64424,58801,5623,3614,965,1044,139,135,0,0,0,4,142,1064,555,2696
"Blacksburg-Christiansburg, VA",310M500US13980,75320,65829,60323,5506,4183,869,454,2124,1969,103,0,0,52,650,3250,655,2812
"Bloomington, IL",310M500US14010,87703,77813,70859,6954,6120,466,368,933,895,10,10,0,18,356,3804,695,4102
"Bloomington, IN",310M500US14020,81058,67384,59320,8064,6193,1052,819,2775,2755,18,2,0,0,1173,5700,620,3406
"Bloomsburg-Berwick, PA",310M500US14100,38719,35170,32362,2808,2248,347,213,123,120,0,0,0,3,77,1421,280,1648
"Boise City, ID",310M500US14260,336417,298631,268635,29996,22591,4066,3339,1199,1081,43,41,8,26,4186,5774,3613,23014
"Boston-Cambridge-Newton, MA-NH",310M500US14460,2578101,1896543,1711657,184886,144097,24155,16634,344950,105319,172123,57707,6600,3201,27153,139308,34408,135739
"Boulder, CO",310M500US14500,172617,124697,112237,12460,9941,1507,1012,8423,8174,42,0,112,95,7217,8564,1597,22119
"Bowling Green, KY",310M500US14540,79952,73957,65306,8651,6548,1099,1004,155,155,0,0,0,0,165,2311,870,2494
"Bremerton-Silverdale-Port Orchard, WA",310M500US14740,127515,97293,88104,9189,7355,1149,685,11808,3869,62,39,9,7829,755,6934,2652,8073
"Bridgeport-Stamford-Norwalk, CT",310M500US14860,468064,375988,337947,38041,28763,6004,3274,47049,10730,1456,34517,299,47,706,11596,4448,28277
"Brownsville-Harlingen, TX",310M500US15180,159411,148141,135021,13120,9366,2259,1495,1126,1126,0,0,0,0,260,2264,1921,5699
"Brunswick, GA",310M500US15260,51048,47286,42253,5033,3743,798,492,264,217,47,0,0,0,132,704,710,1952
"Buffalo-Cheektowaga, NY",310M500US15380,540720,486118,446133,39985,32446,4438,3101,17555,16207,1000,162,133,53,2272,13569,4633,16573
"Burlington, NC",310M500US15500,76425,72204,65546,6658,5039,769,850,139,139,0,0,0,0,66,1112,403,2501
"Burlington-South Burlington, VT",310M500US15540,118966,99194,88977,10217,8132,1356,729,2655,2542,75,15,23,0,1870,7784,922,6541
"California-Lexington Park, MD",310M500US15680,56117,51305,46206,5099,3818,697,584,945,852,63,30,0,0,177,1096,489,2105
"Canton-Massillon, OH",310M500US15940,187112,172461,158613,13848,10761,1681,1406,2181,2145,10,0,10,16,238,3124,1328,7780
"Cape Coral-Fort Myers, FL",310M500US15980,303259,270483,239614,30869,22403,4157,4309,2030,1890,20,34,53,33,1958,3543,6127,19118
"Cape Girardeau, MO-IL",310M500US16020,44118,40453,35484,4969,3873,715,381,228,199,0,29,0,0,70,1093,583,1691
"Carbondale-Marion, IL",310M500US16060,56505,51070,46321,4749,3779,705,265,517,492,0,25,0,0,427,1863,476,2152
"Carson City, NV",310M500US16180,25172,23150,20138,3012,2426,332,254,200,200,0,0,0,0,150,508,328,836
"Casper, WY",310M500US16220,40704,37854,34437,3417,2337,719,361,232,232,0,0,0,0,115,570,317,1616
"Cedar Rapids, IA",310M500US16300,140061,129071,118588,10483,8212,1391,880,757,741,0,9,0,7,464,2846,1005,5918
"Chambersburg-Waynesboro, PA",310M500US16540,72840,67076,59970,7106,5295,746,1065,185,180,0,5,0,0,54,1616,754,3155
"Champaign-Urbana, IL",310M500US16580,109677,87769,79042,8727,6391,1408,928,5818,5746,42,19,11,0,2387,8215,1107,4381
"Charleston, WV",310M500US16620,104068,94735,86255,8480,6769,1114,597,1766,1759,0,0,0,7,78,2867,916,3706
"Charleston-North Charleston, SC",310M500US16700,381932,340838,309577,31261,24089,4863,2309,3018,2809,47,16,41,105,2550,8803,4592,22131
"Charlotte-Concord-Gastonia, NC-SC",310M500US16740,1249383,1116339,1004542,111797,85153,15759,10885,19448,14200,2283,1011,1825,129,1257,17006,12956,82377
"Charlottesville, VA",310M500US16820,106240,86916,76639,10277,8548,1106,623,3333,3218,53,45,0,17,1017,4907,1374,8693
"Chattanooga, TN-GA",310M500US16860,254994,233295,210218,23077,18794,2667,1616,1994,1937,4,15,30,8,484,4254,1916,13051
"Cheyenne, WY",310M500US16940,48514,44662,39524,5138,4232,548,358,256,243,0,0,13,0,170,868,491,2067
"Chicago-Naperville-Elgin, IL-IN-WI",310M500US16980,4665317,3624761,3265642,359119,274750,51038,33331,566109,205859,204026,151986,3775,463,32072,140722,59036,242617
"Chico, CA",310M500US17020,93125,80739,70701,10038,7162,1734,1142,1105,1002,76,9,18,0,2218,2821,997,5245
"Cincinnati, OH-KY-IN",310M500US17140,1075297,970752,885083,85669,68024,11309,6336,19054,18775,118,31,70,60,1784,21727,8688,53292
"Clarksville, TN-KY",310M500US17300,135570,124916,113903,11013,8291,1553,1169,905,895,10,0,0,0,99,4224,1796,3630
"Cleveland, TN",310M500US17420,55134,51446,45662,5784,4707,734,343,92,92,0,0,0,0,77,838,662,2019
"Cleveland-Elyria, OH",310M500US17460,977422,870771,795950,74821,58261,9586,6974,29258,25958,1853,519,798,130,2801,21303,10024,43265
"Coeur d'Alene, ID",310M500US17660,71889,64804,58118,6686,5203,808,675,230,219,0,0,0,11,315,1400,741,4399
"College Station-Bryan, TX",310M500US17780,119122,107795,95079,12716,9634,1722,1360,2025,1975,0,15,0,35,1588,2258,1238,4218
"Colorado Springs, CO",310M500US17820,357486,312665,275340,37325,28129,5943,3253,2481,2268,113,0,56,44,1597,12286,3472,24985
"Columbia, MO",310M500US17860,104134,93267,82140,11127,9706,750,671,880,859,0,0,21,0,830,3472,959,4726
"Columbia, SC",310M500US17900,393169,351162,317184,33978,26413,4528,3037,2810,2515,55,8,150,82,456,17278,7320,14143
"Columbus, GA-AL",310M500US17980,136435,122163,109560,12603,9482,1770,1351,1188,1086,15,57,30,0,320,2713,2447,7604
"Columbus, IN",310M500US18020,39409,37001,33253,3748,2855,576,317,129,118,0,0,0,11,65,482,279,1453
"Columbus, OH",310M500US18140,1037419,931843,852801,79042,63295,9230,6517,17179,16959,118,56,38,8,3646,22805,9900,52046
"Corpus Christi, TX",310M500US18580,192082,178958,160978,17980,13255,2559,2166,1993,1902,5,32,39,15,438,3064,1845,5784
"Corvallis, OR",310M500US18700,43301,32195,28804,3391,2777,343,271,1069,1018,0,36,0,15,3413,3441,476,2707
"Crestview-Fort Walton Beach-Destin, FL",310M500US18880,127281,114749,102856,11893,9198,1799,896,528,419,30,9,0,70,779,2184,1859,7182
"Cumberland, MD-WV",310M500US19060,39196,36297,32853,3444,2779,354,311,276,248,19,9,0,0,8,1392,286,937
"Dallas-Fort Worth-Arlington, TX",310M500US19100,3631432,3279621,2928513,351108,261687,53543,35878,49460,30979,7077,8317,2836,251,5387,45361,41977,209626
"Dalton, GA",310M500US19140,64372,62072,55225,6847,5113,851,883,54,54,0,0,0,0,42,483,557,1164
"Danville, IL",310M500US19180,31036,28589,26179,2410,2024,273,113,219,219,0,0,0,0,36,652,193,1347
"Daphne-Fairhope-Foley, AL",310M500US19300,93141,85257,78015,7242,5700,1021,521,45,45,0,0,0,0,76,559,1147,6057
"Davenport-Moline-Rock Island, IA-IL",310M500US19340,180340,166567,154342,12225,9155,1630,1440,1646,1627,5,14,0,0,444,3542,1566,6575
"Dayton-Kettering, OH",310M500US19430,371441,338039,307703,30336,24019,3534,2783,6571,6405,76,33,57,0,827,9484,2629,13891
"Decatur, AL",310M500US19460,63474,61222,56035,5187,3812,762,613,115,115,0,0,0,0,15,395,413,1314
"Decatur, IL",310M500US19500,45703,42663,38948,3715,3012,540,163,620,598,14,4,2,2,13,770,306,1331
"Deltona-Daytona Beach-Ormond Beach, FL",310M500US19660,266251,235885,215544,20341,15907,2859,1575,2462,2063,50,254,90,5,1778,3305,4201,18620
"Denver-Aurora-Lakewood, CO",310M500US19740,1557240,1298381,1171954,126427,97085,17741,11601,64826,43764,8941,5374,6663,84,12672,34156,16144,131061
"Des Moines-West Des Moines, IA",310M500US19780,356921,326380,298364,28016,21681,3946,2389,4002,3755,125,0,41,81,794,6570,2636,16539
"Detroit-Warren-Dearborn, MI",310M500US19820,1989169,1834440,1667223,167217,130231,21617,15369,26369,25296,425,156,326,166,4909,27940,17712,77799
"Dothan, AL",310M500US20020,60696,57828,53217,4611,3702,596,313,19,17,2,0,0,0,68,403,745,1633
"Dover, DE",310M500US20100,80857,74095,66621,7474,5109,1222,1143,862,774,19,27,42,0,212,1731,648,3309
"Dubuque, IA",310M500US20220,49887,45337,41467,3870,3107,496,267,501,470,18,0,13,0,131,1599,333,1986
"Duluth, MN-WI",310M500US20260,139472,123436,111649,11787,8991,1318,1478,2533,2463,27,0,12,31,659,5689,1151,6004
"Durham-Chapel Hill, NC",310M500US20500,308416,262632,235881,26751,20489,4146,2116,10606,10505,54,6,26,15,2126,8665,3849,20538
"East Stroudsburg, PA",310M500US20700,78377,69166,61277,7889,6295,1112,482,3425,3087,338,0,0,0,0,1238,883,3665
"Eau Claire, WI",310M500US20740,86764,77160,70468,6692,5166,748,778,359,345,14,0,0,0,624,2537,638,5446
"El Centro, CA",310M500US20940,59343,53262,47938,5324,3247,965,1112,555,555,0,0,0,0,186,1501,1132,2707
"Elizabethtown-Fort Knox, KY",310M500US21060,68605,64157,57162,6995,5324,965,706,209,179,0,0,0,30,35,1319,797,2088
"Elkhart-Goshen, IN",310M500US21140,94790,87094,73822,13272,10287,1614,1371,265,215,0,5,20,25,1101,1594,1192,3544
"Elmira, NY",310M500US21300,36723,33451,30197,3254,2534,522,198,804,783,4,17,0,0,176,1244,253,795
"El Paso, TX",310M500US21340,363145,331489,293093,38396,28262,6063,4071,4982,4859,59,42,8,14,522,5839,7634,12679
"Enid, OK",310M500US21420,28852,26914,23588,3326,2585,376,365,91,28,0,0,0,63,127,315,581,824
"Erie, PA",310M500US21500,124756,111947,98665,13282,10265,1937,1080,2302,2245,0,43,14,0,426,4383,1042,4656
"Eugene-Springfield, OR",310M500US21660,170333,139330,120511,18819,15422,2202,1195,4957,4871,2,0,34,50,5568,8071,2054,10353
"Evansville, IN-KY",310M500US21780,149868,140005,129575,10430,8172,1360,898,1585,1497,0,10,76,2,150,2937,1608,3583
"Fairbanks, AK",310M500US21820,51000,45537,37883,7654,5710,1206,738,457,419,0,17,21,0,466,1772,905,1863
"Fargo, ND-MN",310M500US22020,136760,124122,112363,11759,8786,2005,968,1052,963,39,2,46,2,665,3798,1076,6047
"Farmington, NM",310M500US22140,49071,46204,41205,4999,3642,828,529,163,159,0,0,4,0,25,843,284,1552
"Fayetteville, NC",310M500US22180,230278,208429,187187,21242,16902,2233,2107,925,779,13,9,120,4,236,9750,3168,7770
"Fayetteville-Springdale-Rogers, AR",310M500US22220,245135,227754,201053,26701,18618,4679,3404,895,782,69,27,0,17,882,3805,1392,10407
"Flagstaff, AZ",310M500US22380,65367,52796,45014,7782,6027,927,828,1059,980,4,58,2,15,1271,5878,902,3461
"Flint, MI",310M500US22420,169036,157325,141611,15714,12291,1976,1447,2449,2423,0,0,0,26,227,1830,945,6260
"Florence, SC",310M500US22500,86345,80824,73621,7203,5596,1022,585,225,203,0,2,20,0,156,900,954,3286
"Florence-Muscle Shoals, AL",310M500US22520,62208,59676,55245,4431,3446,638,347,25,25,0,0,0,0,92,656,383,1376
"Fond du Lac, WI",310M500US22540,53174,48423,44283,4140,3162,480,498,115,107,3,3,0,2,262,1715,448,2211
"Fort Collins, CO",310M500US22660,179699,148903,134580,14323,10826,2234,1263,2832,2632,84,45,11,60,5515,4922,2085,15442
"Fort Smith, AR-OK",310M500US22900,104673,98320,87713,10607,8455,1324,828,292,267,0,0,0,25,81,1838,1280,2862
"Fort Wayne, IN",310M500US23060,196193,182238,164647,17591,12971,2652,1968,1335,1193,48,0,16,78,504,2705,1186,8225
"Fresno, CA",310M500US23420,395689,358839,310668,48171,32081,8185,7905,4408,4248,54,30,38,38,1951,6363,6127,18001
"Gadsden, AL",310M500US23460,41552,39472,36088,3384,2767,285,332,37,20,0,0,2,15,37,414,296,1296
"Gainesville, FL",310M500US23540,145070,124058,108537,15521,12723,1779,1019,4389,4368,0,0,0,21,2764,4089,2415,7355
"Gainesville, GA",310M500US23580,92200,85075,74335,10740,7129,2023,1588,246,191,55,0,0,0,83,1023,1579,4194
"Gettysburg, PA",310M500US23900,49843,45399,40845,4554,3430,835,289,203,145,2,56,0,0,154,1810,259,2018
"Glens Falls, NY",310M500US24020,59763,54141,48979,5162,4194,661,307,477,435,7,35,0,0,281,1755,525,2584
"Goldsboro, NC",310M500US24140,53988,50977,44061,6916,5243,1067,606,258,258,0,0,0,0,72,929,230,1522
"Grand Forks, ND-MN",310M500US24220,53894,48392,43637,4755,3491,833,431,486,476,10,0,0,0,324,2128,432,2132
"Grand Island, NE",310M500US24260,38229,35740,31394,4346,2960,856,530,138,98,13,0,27,0,107,610,385,1249
"Grand Junction, CO",310M500US24300,69249,60307,54643,5664,3883,965,816,226,226,0,0,0,0,521,1904,1329,4962
"Grand Rapids-Kentwood, MI",310M500US24340,530337,482336,434179,48157,36419,6828,4910,7525,7261,146,52,30,36,2531,11768,3934,22243
"Grants Pass, OR",310M500US24420,31519,27637,24844,2793,2196,451,146,100,78,0,22,0,0,417,1091,458,1816
"Great Falls, MT",310M500US24500,38629,35177,31080,4097,2843,711,543,296,254,0,0,16,26,159,1097,374,1526
"Greeley, CO",310M500US24540,150170,135219,120732,14487,10900,2073,1514,808,808,0,0,0,0,524,2800,1489,9330
"Green Bay, WI",310M500US24580,166271,152545,139354,13191,10050,2115,1026,1105,1105,0,0,0,0,351,3002,1504,7764
"Greensboro-High Point, NC",310M500US24660,350855,321747,290113,31634,24689,3549,3396,3272,3174,52,30,9,7,521,4915,3131,17269
"Greenville, NC",310M500US24780,83463,76673,68882,7791,6398,989,404,1048,1043,0,0,5,0,180,1034,607,3921
"Greenville-Anderson, SC",310M500US24860,415496,384010,344454,39556,30699,5266,3591,1652,1491,81,10,0,70,734,5871,3779,19450
"Guayama, PR",310M500US25020,16900,15891,14119,1772,1103,464,205,111,80,0,0,31,0,0,503,64,331
"Gulfport-Biloxi, MS",310M500US25060,178099,166361,151448,14913,11714,1773,1426,460,362,12,0,0,86,297,4555,2384,4042
"Hagerstown-Martinsburg, MD-WV",310M500US25180,130509,119818,106867,12951,10343,1683,925,1429,916,93,397,16,7,171,1991,1265,5835
"Hammond, LA",310M500US25220,56916,53327,45388,7939,6105,1266,568,177,124,0,0,53,0,161,863,499,1889
"Hanford-Corcoran, CA",310M500US25260,56799,51917,43737,8180,4161,1438,2581,129,129,0,0,0,0,403,1096,614,2640
"Harrisburg-Carlisle, PA",310M500US25420,285493,253127,228488,24639,19207,2957,2475,3838,3501,93,154,90,0,1101,9527,3122,14778
"Harrisonburg, VA",310M500US25500,63596,55363,48379,6984,5305,851,828,598,567,22,0,9,0,618,3507,733,2777
"Hartford-East Hartford-Middletown, CT",310M500US25540,606547,538298,491965,46333,38123,4739,3471,16723,15506,221,850,66,80,1146,14709,5078,30593
"Hattiesburg, MS",310M500US25620,71530,64758,59586,5172,3904,810,458,168,167,1,0,0,0,132,1083,4231,1158
"Hickory-Lenoir-Morganton, NC",310M500US25860,162561,151588,138002,13586,11097,1591,898,353,353,0,0,0,0,79,1415,3598,5528
"Hilton Head Island-Bluffton, SC",310M500US25940,93573,82438,72594,9844,7399,1581,864,428,312,73,0,0,43,255,1748,1546,7158
"Hinesville, GA",310M500US25980,34455,31567,27967,3600,2969,358,273,186,151,0,10,0,25,127,1009,739,827
"Homosassa Springs, FL",310M500US26140,45250,40957,37263,3694,2835,690,169,137,120,17,0,0,0,130,288,1092,2646
"Hot Springs, AR",310M500US26300,40327,37106,32926,4180,3403,557,220,213,213,0,0,0,0,5,780,729,1494
"Houma-Thibodaux, LA",310M500US26380,88164,80039,72358,7681,5682,1308,691,392,368,0,0,0,24,314,1093,3413,2913
"Houston-The Woodlands-Sugar Land, TX",310M500US26420,3243744,2937466,2619911,317555,233926,49183,34446,65292,61556,1297,665,1501,273,7857,41199,44552,147378
"Huntington-Ashland, WV-KY-OH",310M500US26580,140205,130595,118697,11898,9329,1576,993,821,744,26,29,2,20,188,3131,1426,4044
"Huntsville, AL",310M500US26620,215698,203208,189886,13322,10428,1660,1234,398,398,0,0,0,0,188,1774,2156,7974
"Idaho Falls, ID",310M500US26820,64026,56901,50195,6706,4839,934,933,1888,1866,0,17,5,0,186,1158,634,3259
"Indianapolis-Carmel-Anderson, IN",310M500US26900,999710,914555,831474,83081,66873,10533,5675,8682,8428,107,17,27,103,2649,15271,9251,49302
"Iowa City, IA",310M500US26980,93358,74168,65451,8717,6082,1043,1592,4719,4661,0,7,0,51,1776,7368,1099,4228
"Ithaca, NY",310M500US27060,49101,34234,29577,4657,3708,644,305,3286,3188,79,19,0,0,737,6855,425,3564
"Jackson, MI",310M500US27100,67818,63146,57432,5714,4617,585,512,260,260,0,0,0,0,166,1552,477,2217
"Jackson, MS",310M500US27140,263461,251322,225141,26181,20652,3302,2227,776,776,0,0,0,0,173,2470,1844,6876
"Jackson, TN",310M500US27180,76317,70806,64518,6288,5165,775,348,253,253,0,0,0,0,120,874,1869,2395
"Jacksonville, FL",310M500US27260,715164,637608,578889,58719,47196,7343,4180,8678,8481,49,77,40,31,3462,10817,11967,42632
"Jacksonville, NC",310M500US27340,99236,84536,71067,13469,9459,2653,1357,345,296,0,0,0,49,240,8168,1496,4451
"Janesville-Beloit, WI",310M500US27500,78443,72975,65109,7866,5902,1197,767,449,449,0,0,0,0,255,1504,789,2471
"Jefferson City, MO",310M500US27620,71131,66789,59829,6960,5258,937,765,230,216,0,14,0,0,105,870,1044,2093
"Johnson City, TN",310M500US27740,88513,81365,76018,5347,4087,802,458,385,340,1,28,16,0,38,1186,1612,3927
"Johnstown, PA",310M500US27780,55741,51011,45838,5173,3883,624,666,656,650,0,3,0,3,83,1442,608,1941
"Jonesboro, AR",310M500US27860,58262,54904,48628,6276,4910,794,572,257,257,0,0,0,0,40,1024,232,1805
"Joplin, MO",310M500US27900,81747,75952,67386,8566,6628,963,975,247,193,3,0,48,3,177,1179,887,3305
"Kahului-Wailuku-Lahaina, HI",310M500US27980,83031,72545,61614,10931,7444,1892,1595,1984,1858,36,0,24,66,340,2017,1231,4914
"Kalamazoo-Portage, MI",310M500US28020,130681,117785,107826,9959,7961,1238,760,2221,2207,10,4,0,0,628,3889,930,5228
"Kankakee, IL",310M500US28100,50062,45206,40989,4217,3294,361,562,793,616,31,146,0,0,139,1121,1059,1744
"Kansas City, MO-KS",310M500US28140,1072695,981429,897400,84029,65428,10689,7912,9488,8986,77,46,255,124,1586,13367,8903,57922
"Kennewick-Richland, WA",310M500US28420,126231,116926,101864,15062,9451,1774,3837,826,825,1,0,0,0,327,1548,1166,5438
"Killeen-Temple, TX",310M500US28660,195807,178159,155889,22270,16559,3667,2044,824,715,14,32,38,25,426,6055,1905,8438
"Kingsport-Bristol, TN-VA",310M500US28700,125563,117495,107769,9726,7873,1382,471,273,235,17,0,21,0,138,1632,1624,4401
"Kingston, NY",310M500US28740,85533,71979,65653,6326,5316,509,501,2195,1095,561,532,0,7,233,3325,997,6804
"Knoxville, TN",310M500US28940,392829,361683,330638,31045,24902,4230,1913,1985,1750,18,106,12,99,606,5412,2827,20316
"Kokomo, IN",310M500US29020,36380,33861,30388,3473,2913,366,194,163,102,0,0,61,0,96,464,358,1438
"La Crosse-Onalaska, WI-MN",310M500US29100,71704,63387,57980,5407,4164,943,300,528,524,0,0,0,4,858,3143,768,3020
"Lafayette, LA",310M500US29180,217978,202682,184782,17900,13061,2937,1902,1079,1073,0,0,6,0,978,4222,2462,6555
"Lafayette-West Lafayette, IN",310M500US29200,110576,95503,84969,10534,8747,1199,588,2885,2856,0,17,12,0,1258,6680,900,3350
"Lake Charles, LA",310M500US29340,91835,86400,78833,7567,5863,1225,479,388,386,0,0,2,0,240,1436,1154,2217
"Lake Havasu City-Kingman, AZ",310M500US29420,71243,65011,56329,8682,6952,1204,526,704,676,0,0,0,28,112,751,1466,3199
"Lakeland-Winter Haven, FL",310M500US29460,281139,260788,234448,26340,20398,3681,2261,1476,1428,35,7,6,0,1002,2703,3815,11355
"Lancaster, PA",310M500US29540,267221,235043,208063,26980,17563,4205,5212,3177,2365,24,773,0,15,1968,10538,2942,13553
"Lansing-East Lansing, MI",310M500US29620,260984,231426,207970,23456,18715,2773,1968,5896,5876,0,0,2,18,2463,8633,2077,10489
"Laredo, TX",310M500US29700,108124,100518,88263,12255,8864,1888,1503,1274,1189,5,67,13,0,97,1675,1517,3043
"Las Cruces, NM",310M500US29740,88174,80504,70923,9581,6147,2184,1250,391,381,10,0,0,0,672,1983,759,3865
"Las Vegas-Henderson-Paradise, NV",310M500US29820,1018288,902254,802144,100110,77408,13100,9602,34323,33825,263,32,149,54,2675,14806,21929,42301
"Lawrence, KS",310M500US29940,67000,57929,52083,5846,4409,764,673,1379,1369,10,0,0,0,587,3558,614,2933
"Lawton, OK",310M500US30020,57581,48208,41786,6422,5119,693,610,684,684,0,0,0,0,81,1251,658,6699
"Lebanon, PA",310M500US30140,67294,61339,55066,6273,4884,923,466,593,542,0,51,0,0,105,2341,441,2475
"Lewiston, ID-WA",310M500US30300,28398,25365,23109,2256,1709,287,260,87,83,4,0,0,0,136,841,358,1611
"Lewiston-Auburn, ME",310M500US30340,53112,48165,42130,6035,4320,1098,617,80,80,0,0,0,0,167,1895,457,2348
"Lexington-Fayette, KY",310M500US30460,253618,226290,202726,23564,19223,2805,1536,3333,3257,40,0,0,36,1097,7962,3345,11591
"Lima, OH",310M500US30620,47375,44303,40709,3594,3139,352,103,325,321,4,0,0,0,24,724,670,1329
"Lincoln, NE",310M500US30700,179003,161521,145574,15947,12303,2385,1259,2048,1991,24,0,10,23,1909,5896,1092,6537
"Little Rock-North Little Rock-Conway, AR",310M500US30780,343281,320504,287893,32611,24774,4615,3222,1744,1625,62,4,42,11,524,4584,3883,12042
"Logan, UT-ID",310M500US30860,65851,56512,48932,7580,5282,1236,1062,1362,1317,5,28,12,0,955,2343,636,4043
"Longview, TX",310M500US30980,119782,112232,101234,10998,8205,1814,979,104,96,0,0,0,8,49,1928,1156,4313
"Longview, WA",310M500US31020,43638,40079,35770,4309,3104,799,406,96,96,0,0,0,0,227,885,283,2068
"Los Angeles-Long Beach-Anaheim, CA",310M500US31080,6373454,5390117,4783853,606264,459950,85245,61069,309975,258556,28589,17075,4707,1048,47612,159110,98219,368421
"Louisville/Jefferson County, KY-IN",310M500US31140,610468,552511,500706,51805,41683,6325,3797,11195,11035,2,16,71,71,1339,9757,7837,27829
"Lubbock, TX",310M500US31180,152661,141697,122232,19465,15662,2472,1331,1215,1164,0,0,27,24,540,3196,1286,4727
"Lynchburg, VA",310M500US31340,119561,108471,97499,10972,9047,1387,538,1133,1082,8,12,0,31,154,2746,1866,5191
"Macon-Bibb County, GA",310M500US31420,92777,86433,77807,8626,6493,1111,1022,724,698,18,8,0,0,77,1681,1045,2817
"Madera, CA",310M500US31460,54942,49655,42077,7578,5066,1208,1304,264,209,8,0,9,38,128,934,1957,2004
"Madison, WI",310M500US31540,366510,302569,275055,27514,22299,2999,2216,15646,15456,57,87,18,28,8118,18161,3370,18646
"Manchester-Nashua, NH",310M500US31700,222739,199307,181344,17963,13902,2511,1550,2263,1787,55,284,91,46,324,4658,1889,14298
"Manhattan, KS",310M500US31740,70275,60665,53620,7045,5494,917,634,210,210,0,0,0,0,890,4508,711,3291
"Mankato, MN",310M500US31860,55440,47950,43989,3961,2870,613,478,778,735,2,2,9,30,302,1855,403,4152
"Mansfield, OH",310M500US31900,51512,48225,43717,4508,3465,562,481,485,457,28,0,0,0,130,681,338,1653
"Mayagüez, PR",310M500US32420,25064,23537,21380,2157,1659,188,310,294,90,53,0,151,0,68,681,107,377
"McAllen-Edinburg-Mission, TX",310M500US32580,321731,285092,257310,27782,19135,5738,2909,1137,919,0,65,153,0,420,3409,13044,18629
"Medford, OR",310M500US32780,93137,80174,71135,9039,7156,1204,679,958,935,9,0,0,14,1153,2600,796,7456
"Memphis, TN-MS-AR",310M500US32820,613085,574793,518612,56181,44071,7299,4811,4688,4372,95,97,96,28,611,6196,6635,20162
"Merced, CA",310M500US32900,100895,89287,79793,9494,6068,1743,1683,1177,1077,45,31,24,0,463,2378,4025,3565
"Miami-Fort Lauderdale-Pompano Beach, FL",310M500US33100,2910343,2531846,2266104,265742,198408,41948,25386,96485,81307,8835,4917,1197,229,16869,46121,52043,166979
"Michigan City-La Porte, IN",310M500US33140,46739,43000,38694,4306,3065,869,372,515,282,41,192,0,0,193,954,383,1694
"Midland, MI",310M500US33220,37576,34965,32122,2843,2221,444,178,335,323,0,12,0,0,69,473,268,1466
"Midland, TX",310M500US33260,86965,82229,73768,8461,6259,1235,967,131,131,0,0,0,0,101,942,731,2831
"Milwaukee-Waukesha, WI",310M500US33340,785023,696296,635362,60934,48845,6741,5348,25273,24595,104,485,47,42,3719,20404,5726,33605
"Minneapolis-St. Paul-Bloomington, MN-WI",310M500US33460,1921266,1643456,1488717,154739,119790,19420,15529,88940,77981,3903,3033,3807,216,16165,43250,17502,111953
"Missoula, MT",310M500US33540,63604,52443,46446,5997,4120,1307,570,1302,1266,0,8,0,28,2648,3244,692,3275
"Mobile, AL",310M500US33660,178065,165834,153043,12791,9828,1582,1381,767,726,22,19,0,0,200,1910,1802,7552
"Modesto, CA",310M500US33700,221055,203005,180751,22254,15975,3888,2391,1854,1566,118,102,27,41,601,2681,2418,10496
"Monroe, LA",310M500US33740,80539,76111,68622,7489,5680,1108,701,760,752,0,8,0,0,267,870,672,1859
"Monroe, MI",310M500US33780,68933,64721,59513,5208,4055,593,560,163,163,0,0,0,0,145,787,557,2560
"Montgomery, AL",310M500US33860,162166,152724,138396,14328,11416,1853,1059,662,657,5,0,0,0,107,2180,1150,5343
"Morgantown, WV",310M500US34060,63228,54751,48685,6066,5128,574,364,1387,1259,100,7,21,0,195,3528,390,2977
"Morristown, TN",310M500US34100,58843,55083,48334,6749,5334,1065,350,148,127,0,9,0,12,59,567,576,2410
"Mount Vernon-Anacortes, WA",310M500US34580,55983,49816,44266,5550,4174,650,726,491,359,0,0,66,66,294,1356,511,3515
"Muncie, IN",310M500US34620,51709,45124,40840,4284,3386,539,359,951,951,0,0,0,0,405,2729,758,1742
"Muskegon, MI",310M500US34740,74646,70941,63052,7889,6213,951,725,339,336,0,3,0,0,251,795,313,2007
"Myrtle Beach-Conway-North Myrtle Beach, SC-NC",310M500US34820,196567,178412,160340,18072,13161,2944,1967,604,459,41,17,19,68,315,2884,2631,11721
"Napa, CA",310M500US34900,69238,59596,52449,7147,4748,1373,1026,1201,728,37,5,5,426,791,2749,820,4081
"Naples-Marco Island, FL",310M500US34940,154198,134882,115828,19054,13377,2825,2852,2415,2343,64,8,0,0,1407,2072,2191,11231
"Nashville-Davidson--Murfreesboro--Franklin, TN",310M500US34980,959479,864859,774979,89880,68049,13740,8091,9622,8487,64,824,212,35,1172,12674,10682,60470
"New Bern, NC",310M500US35100,54729,50182,44220,5962,4091,1216,655,150,133,0,0,0,17,213,1186,830,2168
"New Haven-Milford, CT",310M500US35300,422610,366374,330972,35402,29172,3542,2688,16090,11697,390,3833,153,17,2322,14151,3988,19685
"New Orleans-Metairie, LA",310M500US35380,583340,512742,455618,57124,42990,8604,5530,15084,13345,146,84,1353,156,6410,14679,8258,26167
"New York-Newark-Jersey City, NY-NJ-PA",310M500US35620,9322339,5178794,4587095,591699,423003,86976,81720,2970634,701542,1863202,365579,15918,24393,63217,547593,144983,417118
"Niles, MI",310M500US35660,70292,64185,57634,6551,5465,799,287,502,378,11,103,3,7,312,1862,868,2563
"North Port-Sarasota-Bradenton, FL",310M500US35840,327159,288832,260456,28376,21479,4292,2605,2633,2469,59,26,43,36,2350,3308,3929,26107
"Norwich-New London, CT",310M500US35980,137099,122030,110273,11757,9815,857,1085,1982,1532,53,383,11,3,392,4102,1287,7306
"Ocala, FL",310M500US36100,123940,111973,99983,11990,9292,1671,1027,475,453,16,0,6,0,245,945,1907,8395
"Ocean City, NJ",310M500US36140,41894,36559,33451,3108,2573,385,150,699,570,21,97,0,11,561,1954,344,1777
"Odessa, TX",310M500US36220,73910,69671,60220,9451,6791,1485,1175,272,258,0,9,5,0,35,1308,565,2059
"Ogden-Clearfield, UT",310M500US36260,314219,282572,252245,30327,22610,4303,3414,5480,3100,134,2105,85,56,1250,4017,3190,17710
"Oklahoma City, OK",310M500US36420,661603,612729,550251,62478,48074,8157,6247,2755,2430,98,23,162,42,1914,10630,6574,27001
"Olympia-Lacey-Tumwater, WA",310M500US36500,129904,115072,102537,12535,9732,1647,1156,2631,2443,0,169,19,0,917,2345,1642,7297
"Omaha-Council Bluffs, NE-IA",310M500US36540,481819,443433,403925,39508,30866,4745,3897,4161,3988,41,31,78,23,858,8315,4865,20187
"Orlando-Kissimmee-Sanford, FL",310M500US36740,1208128,1080586,962732,117854,91872,16012,9970,20474,18555,442,1198,239,40,4532,13194,18649,70693
"Oshkosh-Neenah, WI",310M500US36780,86951,79777,73560,6217,4775,969,473,574,566,8,0,0,0,613,1926,653,3408
"Owensboro, KY",310M500US36980,52445,49554,45393,4161,3037,629,495,238,238,0,0,0,0,184,793,529,1147
"Oxnard-Thousand Oaks-Ventura, CA",310M500US37100,407902,366144,321004,45140,32340,7840,4960,4582,3359,179,967,18,59,2033,7105,3574,24464
"Palm Bay-Melbourne-Titusville, FL",310M500US37340,249363,222892,203679,19213,15325,2146,1742,1338,1173,27,44,55,39,1914,2779,4613,15827
"Panama City, FL",310M500US37460,84130,77249,68460,8789,6976,1015,798,877,808,0,0,56,13,343,900,1351,3410
"Parkersburg-Vienna, WV",310M500US37620,37293,34457,30802,3655,3054,363,238,365,365,0,0,0,0,60,822,323,1266
"Pensacola-Ferry Pass-Brent, FL",310M500US37860,219952,193669,170387,23282,18866,2877,1539,949,909,0,0,13,27,1077,4831,3015,16411
"Peoria, IL",310M500US37900,183209,168857,155527,13330,10788,1506,1036,1996,1968,0,15,0,13,517,3778,1556,6505
"Philadelphia-Camden-Wilmington, PA-NJ-DE-MD",310M500US37980,2945223,2358757,2136151,222606,173427,28820,20359,279068,148393,56476,67828,5810,561,18882,105618,30676,152222
"Phoenix-Mesa-Chandler, AZ",310M500US38060,2195573,1914171,1670926,243245,186168,34884,22193,41056,36448,1281,539,2656,132,16566,33569,36937,153274
"Pine Bluff, AR",310M500US38220,31740,29588,27569,2019,1554,329,136,75,64,0,0,11,0,22,705,517,833
"Pittsburgh, PA",310M500US38300,1138648,965987,871741,94246,77667,10330,6249,64890,58358,2479,142,3797,114,3641,38274,9030,56826
"Pittsfield, MA",310M500US38340,62726,53315,47955,5360,4093,816,451,844,703,123,16,0,2,305,4033,536,3693
"Pocatello, ID",310M500US38540,40143,35600,30837,4763,3230,861,672,401,389,0,0,12,0,349,1302,462,2029
"Ponce, PR",310M500US38660,61231,57431,52460,4971,3757,764,450,170,41,0,0,129,0,225,1526,694,1185
"Portland-South Portland, ME",310M500US38860,284995,246892,224363,22529,18623,2354,1552,2982,2405,61,220,21,275,1769,11732,2804,18816
"Portland-Vancouver-Hillsboro, OR-WA",310M500US38900,1234660,980290,867544,112746,89904,14156,8686,80563,58800,8031,2815,10768,149,26807,41385,13654,91961
"Port St. Lucie, FL",310M500US38940,195596,175857,155925,19932,15164,2733,2035,679,613,0,55,11,0,1148,2494,3523,11895
"Poughkeepsie-Newburgh-Middletown, NY",310M500US39100,319119,265814,239931,25883,19735,3458,2690,16872,6853,1299,8463,210,47,625,12186,4842,18780
"Prescott Valley-Prescott, AZ",310M500US39150,86002,74495,65474,9021,6876,1436,709,303,303,0,0,0,0,560,2507,1302,6835
"Providence-Warwick, RI-MA",310M500US39300,801772,716381,647406,68975,53133,8963,6879,20928,11715,1398,7664,52,99,1817,25130,6604,30912
"Provo-Orem, UT",310M500US39340,281449,237791,205712,32079,24736,4080,3263,6195,2962,546,2394,267,26,2638,11527,3104,20194
"Pueblo, CO",310M500US39380,67418,63003,55611,7392,5139,1548,705,489,459,12,9,5,4,206,1390,465,1865
"Punta Gorda, FL",310M500US39460,60672,53080,48223,4857,3991,448,418,113,58,17,0,0,38,573,495,932,5479
"Racine, WI",310M500US39540,93229,86173,78551,7622,6090,1099,433,1236,1112,0,103,0,21,139,1321,1138,3222
"Raleigh-Cary, NC",310M500US39580,680305,598626,542415,56211,42345,8200,5666,6068,5579,340,80,48,21,1534,7355,6284,60438
"Rapid City, SD",310M500US39660,69505,63265,57224,6041,4736,799,506,414,384,0,0,12,18,210,1387,562,3667
"Reading, PA",310M500US39740,201319,179304,161148,18156,13631,2311,2214,3121,2883,107,86,0,45,475,6642,3308,8469
"Redding, CA",310M500US39820,72331,64829,58933,5896,4344,1028,524,421,374,7,0,0,40,484,1531,808,4258
"Reno, NV",310M500US39900,229889,204914,177418,27496,20365,4351,2780,4207,4166,19,7,6,9,1440,5877,2582,10869
"Richmond, VA",310M500US40060,633512,568035,513633,54402,42764,6965,4673,9905,9034,294,402,120,55,2914,10768,8286,33604
"Riverside-San Bernardino-Ontario, CA",310M500US40140,1913758,1730013,1510688,219325,160000,32404,26921,25171,16439,1095,7189,369,79,5119,27778,24973,100704
"Roanoke, VA",310M500US40220,147191,132298,122001,10297,7833,1275,1189,1981,1854,75,10,42,0,294,3030,1505,8083
"Rochester, MN",310M500US40340,114520,98078,84867,13211,10476,1639,1096,4640,4638,0,0,0,2,674,4087,944,6097
"Rochester, NY",310M500US40380,513924,457683,416782,40901,33559,4136,3206,11007,10514,289,112,28,64,2100,16407,4314,22413
"Rockford, IL",310M500US40420,155746,144763,129148,15615,11921,2261,1433,1512,1371,0,85,56,0,454,1814,1313,5890
"Rocky Mount, NC",310M500US40580,63040,58168,52793,5375,3912,972,491,256,232,0,0,24,0,29,1023,1468,2096
"Rome, GA",310M500US40660,41094,37223,33436,3787,2597,632,558,157,145,12,0,0,0,110,1329,455,1820
"Sacramento-Roseville-Folsom, CA",310M500US40900,1046390,901566,803296,98270,73735,14027,10508,24241,16438,1913,2559,3183,148,14831,18404,12834,74514
"Saginaw, MI",310M500US40980,81392,75631,67649,7982,6438,910,634,367,333,0,0,23,11,421,1689,625,2659
"St. Cloud, MN",310M500US41060,105224,93103,85154,7949,5866,1206,877,1512,1399,38,51,14,10,547,3918,877,5267
"St. George, UT",310M500US41100,67912,58815,52167,6648,4970,972,706,361,343,18,0,0,0,334,859,1038,6505
"St. Joseph, MO-KS",310M500US41140,57039,53130,47660,5470,4238,787,445,256,221,23,0,0,12,52,1070,720,1811
"St. Louis, MO-IL",310M500US41180,1378942,1243535,1145968,97567,76157,12454,8956,31472,26560,3383,804,691,34,2984,23066,11773,66112
"Salem, OR",310M500US41420,187025,165463,144546,20917,15220,3418,2279,2851,2637,2,65,102,45,1031,5409,2276,9995
"Salinas, CA",310M500US41500,189872,155684,136038,19646,14453,3082,2111,3006,2842,22,118,6,18,1076,5421,15871,8814
"Salisbury, MD-DE",310M500US41540,178366,160947,146933,14014,9983,2292,1739,1373,1205,119,42,0,7,460,3161,2007,10418
"Salt Lake City, UT",310M500US41620,613428,530658,462289,68369,52115,8584,7670,21838,12632,2013,3114,4038,41,4719,13164,5266,37783
"San Angelo, TX",310M500US41660,58346,52152,46594,5558,4173,981,404,125,72,53,0,0,0,161,2245,1191,2472
"San Antonio-New Braunfels, TX",310M500US41700,1141218,1029634,907110,122524,91026,19963,11535,22468,22083,125,7,108,145,1761,19431,14507,53417
"San Diego-Chula Vista-Carlsbad, CA",310M500US41740,1627544,1380466,1240027,140439,108790,19009,12640,48043,40488,560,3319,3450,226,10032,47774,27697,113532
"San Francisco-Oakland-Berkeley, CA",310M500US41860,2373021,1591967,1365800,226167,160648,42056,23463,417810,181028,179264,35645,13398,8475,45243,111365,48944,157692
"San Germán, PR",310M500US41900,31486,28912,27654,1258,986,179,93,109,91,0,0,18,0,11,889,159,1406
"San Jose-Sunnyvale-Santa Clara, CA",310M500US41940,995229,851042,745233,105809,81041,14549,10219,43142,23518,2692,14564,2326,42,17241,21077,13160,49567
"San Juan-Bayamón-Caguas, PR",310M500US41980,685356,620199,562898,57301,44724,8382,4195,15482,6229,2811,60,6054,328,1261,19180,13553,15681
"San Luis Obispo-Paso Robles, CA",310M500US42020,130710,109505,95359,14146,10589,1858,1699,1752,1741,0,0,0,11,2655,6014,1112,9672
"Santa Cruz-Watsonville, CA",310M500US42100,132921,103999,91775,12224,9395,1768,1061,3997,3898,32,56,11,0,3953,6537,4035,10400
"Santa Fe, NM",310M500US42140,69747,60946,54822,6124,4760,908,456,727,632,45,50,0,0,308,1406,481,5879
"Santa Maria-Santa Barbara, CA",310M500US42200,209569,172144,142415,29729,20572,5082,4075,6277,6119,20,93,34,11,6734,9273,2025,13116
"Santa Rosa-Petaluma, CA",310M500US42220,249638,214381,186165,28216,20699,4133,3384,4526,3966,100,396,30,34,2395,6677,3131,18528
"Savannah, GA",310M500US42340,184454,164583,146732,17851,14547,2165,1139,3479,3300,98,19,16,46,1434,4365,2829,7764
"Scranton--Wilkes-Barre, PA",310M500US42540,259480,236209,208579,27630,21413,2573,3644,2525,2313,152,25,0,35,384,7296,2103,10963
"Seattle-Tacoma-Bellevue, WA",310M500US42660,2005245,1554687,1354325,200362,152810,26226,21326,200482,174372,8103,10908,4852,2247,21850,80981,22633,124612
"Sebastian-Vero Beach, FL",310M500US42680,57577,51256,46336,4920,3273,1364,283,224,186,21,17,0,0,435,472,762,4428
"Sebring-Avon Park, FL",310M500US42700,32924,29577,26117,3460,2715,545,200,349,303,39,7,0,0,144,699,455,1700
"Sheboygan, WI",310M500US43100,58620,53783,49358,4425,3325,721,379,197,185,0,4,0,8,447,1425,518,2250
"Sherman-Denison, TX",310M500US43300,59942,54631,47613,7018,5232,909,877,196,132,0,6,58,0,163,960,698,3294
"Shreveport-Bossier City, LA",310M500US43340,171037,160693,147184,13509,10682,1565,1262,1954,1937,0,0,0,17,305,2124,1441,4520
"Sierra Vista-Douglas, AZ",310M500US43420,46499,41345,36683,4662,3306,702,654,311,311,0,0,0,0,206,1346,1139,2152
"Sioux City, IA-NE-SD",310M500US43580,72133,66792,59233,7559,5721,1260,578,512,495,0,0,0,17,72,1616,344,2797
"Sioux Falls, SD",310M500US43620,140786,130085,118737,11348,8283,1750,1315,752,752,0,0,0,0,522,2895,817,5715
"South Bend-Mishawaka, IN-MI",310M500US43780,149802,134797,121815,12982,10290,1574,1118,1644,1420,6,136,70,12,895,5233,1150,6083
"Spartanburg, SC",310M500US43900,138757,131108,117661,13447,10582,1899,966,502,407,40,40,0,15,177,1608,989,4373
"Spokane-Spokane Valley, WA",310M500US44060,246510,214639,191207,23432,18997,2762,1673,6295,6276,0,3,0,16,1136,6848,2586,15006
"Springfield, IL",310M500US44100,99025,90327,82454,7873,6540,900,433,1336,1241,82,0,0,13,504,1650,976,4232
"Springfield, MA",310M500US44140,332243,288018,262329,25689,20591,2987,2111,7509,7212,144,144,0,9,1631,14742,3566,16777
"Springfield, MO",310M500US44180,212871,195810,175426,20384,16494,2244,1646,1507,1465,2,27,13,0,664,4063,1750,9077
"Springfield, OH",310M500US44220,60047,55216,49278,5938,4357,877,704,446,446,0,0,0,0,243,1457,396,2289
"State College, PA",310M500US44300,75715,58673,51753,6920,5447,959,514,4342,4287,42,0,13,0,1311,6792,861,3736
"Staunton, VA",310M500US44420,56766,52579,48192,4387,3404,675,308,286,274,3,0,0,9,42,1082,420,2357
"Stockton, CA",310M500US44700,303147,277817,238729,39088,27163,6897,5028,5055,2106,762,2033,154,0,1228,4164,2455,12428
"Sumter, SC",310M500US44940,56653,53224,47563,5661,4200,643,818,153,152,0,0,0,1,147,1109,574,1446
"Syracuse, NY",310M500US45060,305311,269413,245154,24259,20195,2558,1506,6906,6769,90,9,38,0,917,11712,2779,13584
"Tallahassee, FL",310M500US45220,178756,161538,145036,16502,13155,2299,1048,2596,2500,0,0,0,96,1035,3631,2240,7716
"Tampa-St. Petersburg-Clearwater, FL",310M500US45300,1419997,1244458,1120016,124442,96432,16048,11962,18206,17774,177,126,19,110,9155,20116,22507,105555
"Terre Haute, IN",310M500US45460,81066,74837,66467,8370,6632,945,793,481,408,46,2,0,25,304,2447,725,2272
"Texarkana, TX-AR",310M500US45500,58890,55821,51357,4464,3560,487,417,252,252,0,0,0,0,52,571,682,1512
"The Villages, FL",310M500US45540,24569,19811,18431,1380,1015,243,122,39,31,0,0,0,8,16,251,1744,2708
"Toledo, OH",310M500US45780,302645,278829,256204,22625,17929,2706,1990,3784,3683,22,0,20,59,936,7514,2766,8816
"Topeka, KS",310M500US45820,110625,102722,91264,11458,8680,1860,918,1005,989,0,0,0,16,134,1910,877,3977
"Trenton-Princeton, NJ",310M500US45940,176016,143642,124442,19200,13739,3027,2434,13357,3703,505,8953,196,0,720,7616,1782,8899
"Tucson, AZ",310M500US46060,442389,384105,339953,44152,32225,7236,4691,10109,9677,40,46,335,11,6583,10013,7515,24064
"Tulsa, OK",310M500US46140,459388,424732,380533,44199,34707,5658,3834,2168,2054,10,44,20,40,888,5738,6781,19081
"Tuscaloosa, AL",310M500US46220,106708,100618,90994,9624,7648,1277,699,531,493,22,9,7,0,257,1159,516,3627
"Twin Falls, ID",310M500US46300,50265,45956,41005,4951,3925,820,206,158,141,0,17,0,0,123,1152,464,2412
"Tyler, TX",310M500US46340,100354,92652,83605,9047,6084,2008,955,360,360,0,0,0,0,450,915,1151,4826
"Urban Honolulu, HI",310M500US46520,500034,394225,323443,70782,51165,12372,7245,40274,40089,114,21,36,14,4676,27287,13519,20053
"Utica-Rome, NY",310M500US46540,128193,115475,104857,10618,8102,1392,1124,1166,1080,56,4,10,16,122,4676,1112,5642
"Valdosta, GA",310M500US46660,61463,57367,51812,5555,4317,865,373,199,179,0,5,15,0,105,1435,805,1552
"Vallejo, CA",310M500US46700,205287,184262,157069,27193,17692,5542,3959,6552,2979,1250,736,13,1574,692,2437,2109,9235
"Victoria, TX",310M500US47020,44669,41108,35551,5557,4219,793,545,439,439,0,0,0,0,141,732,267,1982
"Vineland-Bridgeton, NJ",310M500US47220,60362,55679,48628,7051,5130,1109,812,960,872,24,28,19,17,134,1074,1044,1471
"Virginia Beach-Norfolk-Newport News, VA-NC",310M500US47260,880062,788826,715715,73111,57663,9433,6015,13431,12539,399,171,246,76,3395,28826,12282,33302
"Visalia, CA",310M500US47300,173640,160561,137084,23477,15043,3581,4853,1192,1147,0,20,25,0,660,2512,2368,6347
"Waco, TX",310M500US47380,118971,110256,98428,11828,9019,1586,1223,472,430,42,0,0,0,255,2508,1227,4253
"Walla Walla, WA",310M500US47460,26080,22024,18981,3043,2220,451,372,223,223,0,0,0,0,254,1878,231,1470
"Warner Robins, GA",310M500US47580,83056,78972,70655,8317,7039,840,438,215,207,8,0,0,0,229,848,972,1820
"Washington-Arlington-Alexandria, DC-VA-MD-WV",310M500US47900,3305065,2481670,2175181,306489,213730,55410,37349,442169,157173,257100,25665,2004,227,28607,110401,48583,193635
"Waterloo-Cedar Falls, IA",310M500US47940,86713,77908,70288,7620,5844,1123,653,396,391,0,0,3,2,332,3449,662,3966
"Watertown-Fort Drum, NY",310M500US48060,51958,44930,40570,4360,3339,676,345,257,253,2,0,0,2,137,2882,1030,2722
"Wausau-Weston, WI",310M500US48140,84362,76975,69538,7437,5706,1135,596,359,354,3,2,0,0,148,1969,717,4194
"Weirton-Steubenville, WV-OH",310M500US48260,50049,45612,42211,3401,2717,369,315,347,258,60,9,20,0,6,1857,305,1922
"Wenatchee, WA",310M500US48300,54121,46517,42574,3943,3094,570,279,563,563,0,0,0,0,218,1966,1749,3108
"Wheeling, WV-OH",310M500US48540,60003,55908,52356,3552,2986,293,273,384,359,17,0,2,6,38,1677,312,1684
"Wichita, KS",310M500US48620,306512,284354,257546,26808,19764,4481,2563,1444,1326,15,18,33,52,1080,5209,3608,10817
"Wichita Falls, TX",310M500US48660,69529,59803,54151,5652,4323,687,642,363,287,0,14,7,55,67,5403,1159,2734
"Williamsport, PA",310M500US48700,52349,47907,42834,5073,3752,700,621,572,566,6,0,0,0,211,1615,438,1606
"Wilmington, NC",310M500US48900,135929,121078,110432,10646,8295,1297,1054,716,613,16,81,0,6,646,2275,1006,10208
"Winchester, VA-WV",310M500US49020,65381,59666,52577,7089,5904,597,588,259,246,0,13,0,0,52,1377,615,3412
"Winston-Salem, NC",310M500US49180,299382,276762,250216,26546,20952,3464,2130,2273,2238,0,28,0,7,334,3971,2573,13469
"Worcester, MA-CT",310M500US49340,471026,415170,377952,37218,29195,4305,3718,8489,3785,998,3648,32,26,917,13286,7009,26155
"Yakima, WA",310M500US49420,103557,96181,82905,13276,10130,1697,1449,488,475,9,0,0,4,308,1871,1111,3598
"Yauco, PR",310M500US49500,21327,19631,18645,986,825,139,22,163,62,0,0,24,77,34,438,540,521
"York-Hanover, PA",310M500US49620,220550,205069,186425,18644,15743,1860,1041,1784,1626,42,104,12,0,578,3319,1531,8269
"Youngstown-Warren-Boardman, OH-PA",310M500US49660,236224,218128,200862,17266,12934,2032,2300,1783,1718,0,11,39,15,193,3866,3360,8894
"Yuba City, CA",310M500US49700,69212,63300,54832,8468,5569,1594,1305,573,556,0,17,0,0,223,1048,734,3334
"Yuma, AZ",310M500US49740,78082,71837,63817,8020,5514,1463,1043,1542,1480,0,39,23,0,254,1533,1023,1893
