msa,municipality
"Abilene, TX","['Callahan County, TX', 'Jones County, TX', 'Taylor County, TX']"
"Akron, OH","['Portage County, OH', 'Summit County, OH']"
"Albany, GA","['Dougherty County, GA', 'Lee County, GA', 'Terrell County, GA', 'Worth County, GA']"
"Albany-Lebanon, OR","['Linn County, OR']"
"Albany-Schenectady-Troy, NY","['Albany County, NY', 'Rensselaer County, NY', 'Saratoga County, NY', 'Schenectady County, NY', 'Schoharie County, NY']"
"Albuquerque, NM","['Bernalillo County, NM', 'Sandoval County, NM', 'Torrance County, NM', 'Valencia County, NM']"
"Alexandria, LA","['Grant County, LA', 'Rapides County, LA']"
"Allentown-Bethlehem-Easton, PA-NJ","['Warren County, NJ', 'Carbon County, PA', 'Lehigh County, PA', 'Northampton County, PA']"
"Altoona, PA","['Blair County, PA']"
"Amarillo, TX","['Armstrong County, TX', 'Carson County, TX', 'Oldham County, TX', 'Potter County, TX', 'Randall County, TX']"
"Ames, IA","['Boone County, IA', 'Story County, IA']"
"Anchorage, AK","['Anchorage Municipality County, AK', 'Matanuska-Susitna Borough County, AK']"
"Ann Arbor, MI","['Washtenaw County, MI']"
"Anniston-Oxford, AL","['Calhoun County, AL']"
"Appleton, WI","['Calumet County, WI', 'Outagamie County, WI']"
"Asheville, NC","['Buncombe County, NC', 'Haywood County, NC', 'Henderson County, NC', 'Madison County, NC']"
"Athens-Clarke County, GA","['Clarke County, GA', 'Madison County, GA', 'Oconee County, GA', 'Oglethorpe County, GA']"
"Atlanta-Sandy Springs-Alpharetta, GA","['Barrow County, GA', 'Bartow County, GA', 'Butts County, GA', 'Carroll County, GA', 'Cherokee County, GA', 'Clayton County, GA', 'Cobb County, GA', 'Coweta County, GA', 'Dawson County, GA', 'DeKalb County, GA', 'Douglas County, GA', 'Fayette County, GA', 'Forsyth County, GA', 'Fulton County, GA', 'Gwinnett County, GA', 'Haralson County, GA', 'Heard County, GA', 'Henry County, GA', 'Jasper County, GA', 'Lamar County, GA', 'Meriwether County, GA', 'Morgan County, GA', 'Newton County, GA', 'Paulding County, GA', 'Pickens County, GA', 'Pike County, GA', 'Rockdale County, GA', 'Spalding County, GA', 'Walton County, GA']"
"Atlantic City-Hammonton, NJ","['Atlantic County, NJ']"
"Auburn-Opelika, AL","['Lee County, AL']"
"Augusta-Richmond County, GA-SC","['Burke County, GA', 'Columbia County, GA', 'Lincoln County, GA', 'McDuffie County, GA', 'Richmond County, GA', 'Aiken County, SC', 'Edgefield County, SC']"
"Austin-Round Rock-Georgetown, TX","['Bastrop County, TX', 'Caldwell County, TX', 'Hays County, TX', 'Travis County, TX', 'Williamson County, TX']"
"Bakersfield, CA","['Kern County, CA']"
"Baltimore-Columbia-Towson, MD","['Anne Arundel County, MD', 'Baltimore County, MD', 'Carroll County, MD', 'Harford County, MD', 'Howard County, MD', ""Queen Anne's County, MD"", 'Baltimore, MD']"
"Bangor, ME","['Penobscot County, ME']"
"Barnstable Town, MA","['Barnstable County, MA']"
"Baton Rouge, LA","['Ascension County, LA', 'Assumption County, LA', 'East Baton Rouge County, LA', 'East Feliciana County, LA', 'Iberville County, LA', 'Livingston County, LA', 'Pointe Coupee County, LA', 'St. Helena County, LA', 'West Baton Rouge County, LA', 'West Feliciana County, LA']"
"Battle Creek, MI","['Calhoun County, MI']"
"Bay City, MI","['Bay County, MI']"
"Beaumont-Port Arthur, TX","['Hardin County, TX', 'Jefferson County, TX', 'Orange County, TX']"
"Beckley, WV","['Fayette County, WV', 'Raleigh County, WV']"
"Bellingham, WA","['Whatcom County, WA']"
"Bend, OR","['Deschutes County, OR']"
"Billings, MT","['Carbon County, MT', 'Stillwater County, MT', 'Yellowstone County, MT']"
"Binghamton, NY","['Broome County, NY', 'Tioga County, NY']"
"Birmingham-Hoover, AL","['Bibb County, AL', 'Blount County, AL', 'Chilton County, AL', 'Jefferson County, AL', 'St. Clair County, AL', 'Shelby County, AL']"
"Bismarck, ND","['Burleigh County, ND', 'Morton County, ND', 'Oliver County, ND']"
"Blacksburg-Christiansburg, VA","['Giles County, VA', 'Pulaski County, VA', 'Montgomery County, VA', 'Radford, VA']"
"Bloomington, IL","['McLean County, IL']"
"Bloomington, IN","['Monroe County, IN', 'Owen County, IN']"
"Bloomsburg-Berwick, PA","['Columbia County, PA', 'Montour County, PA']"
"Boise City, ID","['Ada County, ID', 'Boise County, ID', 'Canyon County, ID', 'Gem County, ID', 'Owyhee County, ID']"
"Boston-Cambridge-Newton, MA-NH","['Essex County, MA', 'Middlesex County, MA', 'Norfolk County, MA', 'Plymouth County, MA', 'Suffolk County, MA', 'Rockingham County, NH', 'Strafford County, NH']"
"Boulder, CO","['Boulder County, CO']"
"Bowling Green, KY","['Allen County, KY', 'Butler County, KY', 'Edmonson County, KY', 'Warren County, KY']"
"Bremerton-Silverdale-Port Orchard, WA","['Kitsap County, WA']"
"Bridgeport-Stamford-Norwalk, CT","['Fairfield County, CT']"
"Brownsville-Harlingen, TX","['Cameron County, TX']"
"Brunswick, GA","['Brantley County, GA', 'Glynn County, GA', 'McIntosh County, GA']"
"Buffalo-Cheektowaga, NY","['Erie County, NY', 'Niagara County, NY']"
"Burlington, NC","['Alamance County, NC']"
"Burlington-South Burlington, VT","['Chittenden County, VT', 'Franklin County, VT', 'Grand Isle County, VT']"
"California-Lexington Park, MD","[""St. Mary's County, MD""]"
"Canton-Massillon, OH","['Carroll County, OH', 'Stark County, OH']"
"Cape Coral-Fort Myers, FL","['Lee County, FL']"
"Cape Girardeau, MO-IL","['Alexander County, IL', 'Bollinger County, MO', 'Cape Girardeau County, MO']"
"Carbondale-Marion, IL","['Jackson County, IL', 'Johnson County, IL', 'Williamson County, IL']"
"Carson City, NV","['Carson City, NV']"
"Casper, WY","['Natrona County, WY']"
"Cedar Rapids, IA","['Benton County, IA', 'Jones County, IA', 'Linn County, IA']"
"Chambersburg-Waynesboro, PA","['Franklin County, PA']"
"Champaign-Urbana, IL","['Champaign County, IL', 'Piatt County, IL']"
"Charleston, WV","['Boone County, WV', 'Clay County, WV', 'Jackson County, WV', 'Kanawha County, WV', 'Lincoln County, WV']"
"Charleston-North Charleston, SC","['Berkeley County, SC', 'Charleston County, SC', 'Dorchester County, SC']"
"Charlotte-Concord-Gastonia, NC-SC","['Anson County, NC', 'Cabarrus County, NC', 'Gaston County, NC', 'Iredell County, NC', 'Lincoln County, NC', 'Mecklenburg County, NC', 'Rowan County, NC', 'Union County, NC', 'Chester County, SC', 'Lancaster County, SC', 'York County, SC']"
"Charlottesville, VA","['Fluvanna County, VA', 'Greene County, VA', 'Nelson County, VA', 'Albemarle County, VA', 'Charlottesville, VA']"
"Chattanooga, TN-GA","['Catoosa County, GA', 'Dade County, GA', 'Walker County, GA', 'Hamilton County, TN', 'Marion County, TN', 'Sequatchie County, TN']"
"Cheyenne, WY","['Laramie County, WY']"
"Chicago-Naperville-Elgin, IL-IN-WI","['Cook County, IL', 'DeKalb County, IL', 'DuPage County, IL', 'Grundy County, IL', 'Kane County, IL', 'Kendall County, IL', 'Lake County, IL', 'McHenry County, IL', 'Will County, IL', 'Jasper County, IN', 'Lake County, IN', 'Newton County, IN', 'Porter County, IN', 'Kenosha County, WI']"
"Chico, CA","['Butte County, CA']"
"Cincinnati, OH-KY-IN","['Dearborn County, IN', 'Franklin County, IN', 'Ohio County, IN', 'Union County, IN', 'Boone County, KY', 'Bracken County, KY', 'Campbell County, KY', 'Gallatin County, KY', 'Grant County, KY', 'Kenton County, KY', 'Pendleton County, KY', 'Brown County, OH', 'Butler County, OH', 'Clermont County, OH', 'Hamilton County, OH', 'Warren County, OH']"
"Clarksville, TN-KY","['Christian County, KY', 'Trigg County, KY', 'Montgomery County, TN', 'Stewart County, TN']"
"Cleveland, TN","['Bradley County, TN', 'Polk County, TN']"
"Cleveland-Elyria, OH","['Cuyahoga County, OH', 'Geauga County, OH', 'Lake County, OH', 'Lorain County, OH', 'Medina County, OH']"
"Coeur d'Alene, ID","['Kootenai County, ID']"
"College Station-Bryan, TX","['Brazos County, TX', 'Burleson County, TX', 'Robertson County, TX']"
"Colorado Springs, CO","['El Paso County, CO', 'Teller County, CO']"
"Columbia, MO","['Boone County, MO', 'Cooper County, MO', 'Howard County, MO']"
"Columbia, SC","['Calhoun County, SC', 'Fairfield County, SC', 'Kershaw County, SC', 'Lexington County, SC', 'Richland County, SC', 'Saluda County, SC']"
"Columbus, GA-AL","['Russell County, AL', 'Chattahoochee County, GA', 'Harris County, GA', 'Marion County, GA', 'Muscogee County, GA', 'Stewart County, GA', 'Talbot County, GA']"
"Columbus, IN","['Bartholomew County, IN']"
"Columbus, OH","['Delaware County, OH', 'Fairfield County, OH', 'Franklin County, OH', 'Hocking County, OH', 'Licking County, OH', 'Madison County, OH', 'Morrow County, OH', 'Perry County, OH', 'Pickaway County, OH', 'Union County, OH']"
"Corpus Christi, TX","['Nueces County, TX', 'San Patricio County, TX']"
"Corvallis, OR","['Benton County, OR']"
"Crestview-Fort Walton Beach-Destin, FL","['Okaloosa County, FL', 'Walton County, FL']"
"Cumberland, MD-WV","['Allegany County, MD', 'Mineral County, WV']"
"Dallas-Fort Worth-Arlington, TX","['Collin County, TX', 'Dallas County, TX', 'Denton County, TX', 'Ellis County, TX', 'Hunt County, TX', 'Johnson County, TX', 'Kaufman County, TX', 'Parker County, TX', 'Rockwall County, TX', 'Tarrant County, TX', 'Wise County, TX']"
"Dalton, GA","['Murray County, GA', 'Whitfield County, GA']"
"Danville, IL","['Vermilion County, IL']"
"Daphne-Fairhope-Foley, AL","['Baldwin County, AL']"
"Davenport-Moline-Rock Island, IA-IL","['Henry County, IL', 'Mercer County, IL', 'Rock Island County, IL', 'Scott County, IA']"
"Dayton-Kettering, OH","['Greene County, OH', 'Miami County, OH', 'Montgomery County, OH']"
"Decatur, AL","['Lawrence County, AL', 'Morgan County, AL']"
"Decatur, IL","['Macon County, IL']"
"Deltona-Daytona Beach-Ormond Beach, FL","['Flagler County, FL', 'Volusia County, FL']"
"Denver-Aurora-Lakewood, CO","['Adams County, CO', 'Arapahoe County, CO', 'Broomfield County, CO', 'Clear Creek County, CO', 'Denver County, CO', 'Douglas County, CO', 'Elbert County, CO', 'Gilpin County, CO', 'Jefferson County, CO', 'Park County, CO']"
"Des Moines-West Des Moines, IA","['Dallas County, IA', 'Guthrie County, IA', 'Jasper County, IA', 'Madison County, IA', 'Polk County, IA', 'Warren County, IA']"
"Detroit-Warren-Dearborn, MI","['Lapeer County, MI', 'Livingston County, MI', 'Macomb County, MI', 'Oakland County, MI', 'St. Clair County, MI', 'Wayne County, MI']"
"Dothan, AL","['Geneva County, AL', 'Henry County, AL', 'Houston County, AL']"
"Dover, DE","['Kent County, DE']"
"Dubuque, IA","['Dubuque County, IA']"
"Duluth, MN-WI","['Carlton County, MN', 'Lake County, MN', 'St. Louis County, MN', 'Douglas County, WI']"
"Durham-Chapel Hill, NC","['Chatham County, NC', 'Durham County, NC', 'Granville County, NC', 'Orange County, NC', 'Person County, NC']"
"East Stroudsburg, PA","['Monroe County, PA']"
"Eau Claire, WI","['Chippewa County, WI', 'Eau Claire County, WI']"
"El Centro, CA","['Imperial County, CA']"
"Elizabethtown-Fort Knox, KY","['Hardin County, KY', 'Larue County, KY', 'Meade County, KY']"
"Elkhart-Goshen, IN","['Elkhart County, IN']"
"Elmira, NY","['Chemung County, NY']"
"El Paso, TX","['El Paso County, TX', 'Hudspeth County, TX']"
"Enid, OK","['Garfield County, OK']"
"Erie, PA","['Erie County, PA']"
"Eugene-Springfield, OR","['Lane County, OR']"
"Evansville, IN-KY","['Posey County, IN', 'Vanderburgh County, IN', 'Warrick County, IN', 'Henderson County, KY']"
"Fairbanks, AK","['Fairbanks North Star Borough County, AK']"
"Fargo, ND-MN","['Clay County, MN', 'Cass County, ND']"
"Farmington, NM","['San Juan County, NM']"
"Fayetteville, NC","['Cumberland County, NC', 'Harnett County, NC', 'Hoke County, NC']"
"Fayetteville-Springdale-Rogers, AR","['Benton County, AR', 'Madison County, AR', 'Washington County, AR']"
"Flagstaff, AZ","['Coconino County, AZ']"
"Flint, MI","['Genesee County, MI']"
"Florence, SC","['Darlington County, SC', 'Florence County, SC']"
"Florence-Muscle Shoals, AL","['Colbert County, AL', 'Lauderdale County, AL']"
"Fond du Lac, WI","['Fond du Lac County, WI']"
"Fort Collins, CO","['Larimer County, CO']"
"Fort Smith, AR-OK","['Crawford County, AR', 'Franklin County, AR', 'Sebastian County, AR', 'Sequoyah County, OK']"
"Fort Wayne, IN","['Allen County, IN', 'Whitley County, IN']"
"Fresno, CA","['Fresno County, CA']"
"Gadsden, AL","['Etowah County, AL']"
"Gainesville, FL","['Alachua County, FL', 'Gilchrist County, FL', 'Levy County, FL']"
"Gainesville, GA","['Hall County, GA']"
"Gettysburg, PA","['Adams County, PA']"
"Glens Falls, NY","['Warren County, NY', 'Washington County, NY']"
"Goldsboro, NC","['Wayne County, NC']"
"Grand Forks, ND-MN","['Polk County, MN', 'Grand Forks County, ND']"
"Grand Island, NE","['Hall County, NE', 'Howard County, NE', 'Merrick County, NE']"
"Grand Junction, CO","['Mesa County, CO']"
"Grand Rapids-Kentwood, MI","['Ionia County, MI', 'Kent County, MI', 'Montcalm County, MI', 'Ottawa County, MI']"
"Grants Pass, OR","['Josephine County, OR']"
"Great Falls, MT","['Cascade County, MT']"
"Greeley, CO","['Weld County, CO']"
"Green Bay, WI","['Brown County, WI', 'Kewaunee County, WI', 'Oconto County, WI']"
"Greensboro-High Point, NC","['Guilford County, NC', 'Randolph County, NC', 'Rockingham County, NC']"
"Greenville, NC","['Pitt County, NC']"
"Greenville-Anderson, SC","['Anderson County, SC', 'Greenville County, SC', 'Laurens County, SC', 'Pickens County, SC']"
"Gulfport-Biloxi, MS","['Hancock County, MS', 'Harrison County, MS', 'Jackson County, MS', 'Stone County, MS']"
"Hagerstown-Martinsburg, MD-WV","['Washington County, MD', 'Berkeley County, WV', 'Morgan County, WV']"
"Hammond, LA","['Tangipahoa County, LA']"
"Hanford-Corcoran, CA","['Kings County, CA']"
"Harrisburg-Carlisle, PA","['Cumberland County, PA', 'Dauphin County, PA', 'Perry County, PA']"
"Harrisonburg, VA","['Rockingham County, VA', 'Harrisonburg, VA']"
"Hartford-East Hartford-Middletown, CT","['Hartford County, CT', 'Middlesex County, CT', 'Tolland County, CT']"
"Hattiesburg, MS","['Covington County, MS', 'Forrest County, MS', 'Lamar County, MS', 'Perry County, MS']"
"Hickory-Lenoir-Morganton, NC","['Alexander County, NC', 'Burke County, NC', 'Caldwell County, NC', 'Catawba County, NC']"
"Hilton Head Island-Bluffton, SC","['Beaufort County, SC', 'Jasper County, SC']"
"Hinesville, GA","['Liberty County, GA', 'Long County, GA']"
"Homosassa Springs, FL","['Citrus County, FL']"
"Hot Springs, AR","['Garland County, AR']"
"Houma-Thibodaux, LA","['Lafourche County, LA', 'Terrebonne County, LA']"
"Houston-The Woodlands-Sugar Land, TX","['Austin County, TX', 'Brazoria County, TX', 'Chambers County, TX', 'Fort Bend County, TX', 'Galveston County, TX', 'Harris County, TX', 'Liberty County, TX', 'Montgomery County, TX', 'Waller County, TX']"
"Huntington-Ashland, WV-KY-OH","['Boyd County, KY', 'Carter County, KY', 'Greenup County, KY', 'Lawrence County, OH', 'Cabell County, WV', 'Putnam County, WV', 'Wayne County, WV']"
"Huntsville, AL","['Limestone County, AL', 'Madison County, AL']"
"Idaho Falls, ID","['Bonneville County, ID', 'Butte County, ID', 'Jefferson County, ID']"
"Indianapolis-Carmel-Anderson, IN","['Boone County, IN', 'Brown County, IN', 'Hamilton County, IN', 'Hancock County, IN', 'Hendricks County, IN', 'Johnson County, IN', 'Madison County, IN', 'Marion County, IN', 'Morgan County, IN', 'Putnam County, IN', 'Shelby County, IN']"
"Iowa City, IA","['Johnson County, IA', 'Washington County, IA']"
"Ithaca, NY","['Tompkins County, NY']"
"Jackson, MI","['Jackson County, MI']"
"Jackson, MS","['Copiah County, MS', 'Hinds County, MS', 'Holmes County, MS', 'Madison County, MS', 'Rankin County, MS', 'Simpson County, MS', 'Yazoo County, MS']"
"Jackson, TN","['Chester County, TN', 'Crockett County, TN', 'Gibson County, TN', 'Madison County, TN']"
"Jacksonville, FL","['Baker County, FL', 'Clay County, FL', 'Duval County, FL', 'Nassau County, FL', 'St. Johns County, FL']"
"Jacksonville, NC","['Onslow County, NC']"
"Janesville-Beloit, WI","['Rock County, WI']"
"Jefferson City, MO","['Callaway County, MO', 'Cole County, MO', 'Moniteau County, MO', 'Osage County, MO']"
"Johnson City, TN","['Carter County, TN', 'Unicoi County, TN', 'Washington County, TN']"
"Johnstown, PA","['Cambria County, PA']"
"Jonesboro, AR","['Craighead County, AR', 'Poinsett County, AR']"
"Joplin, MO","['Jasper County, MO', 'Newton County, MO']"
"Kahului-Wailuku-Lahaina, HI","['Maui County, HI', 'Kalawao County, HI']"
"Kalamazoo-Portage, MI","['Kalamazoo County, MI']"
"Kankakee, IL","['Kankakee County, IL']"
"Kansas City, MO-KS","['Johnson County, KS', 'Leavenworth County, KS', 'Linn County, KS', 'Miami County, KS', 'Wyandotte County, KS', 'Bates County, MO', 'Caldwell County, MO', 'Cass County, MO', 'Clay County, MO', 'Clinton County, MO', 'Jackson County, MO', 'Lafayette County, MO', 'Platte County, MO', 'Ray County, MO']"
"Kennewick-Richland, WA","['Benton County, WA', 'Franklin County, WA']"
"Killeen-Temple, TX","['Bell County, TX', 'Coryell County, TX', 'Lampasas County, TX']"
"Kingsport-Bristol, TN-VA","['Hawkins County, TN', 'Sullivan County, TN', 'Scott County, VA', 'Washington County, VA', 'Bristol, VA']"
"Kingston, NY","['Ulster County, NY']"
"Knoxville, TN","['Anderson County, TN', 'Blount County, TN', 'Campbell County, TN', 'Knox County, TN', 'Loudon County, TN', 'Morgan County, TN', 'Roane County, TN', 'Union County, TN']"
"Kokomo, IN","['Howard County, IN']"
"La Crosse-Onalaska, WI-MN","['Houston County, MN', 'La Crosse County, WI']"
"Lafayette, LA","['Acadia County, LA', 'Iberia County, LA', 'Lafayette County, LA', 'St. Martin County, LA', 'Vermilion County, LA']"
"Lafayette-West Lafayette, IN","['Benton County, IN', 'Carroll County, IN', 'Tippecanoe County, IN', 'Warren County, IN']"
"Lake Charles, LA","['Calcasieu County, LA', 'Cameron County, LA']"
"Lake Havasu City-Kingman, AZ","['Mohave County, AZ']"
"Lakeland-Winter Haven, FL","['Polk County, FL']"
"Lancaster, PA","['Lancaster County, PA']"
"Lansing-East Lansing, MI","['Clinton County, MI', 'Eaton County, MI', 'Ingham County, MI', 'Shiawassee County, MI']"
"Laredo, TX","['Webb County, TX']"
"Las Cruces, NM","['Doña Ana County, NM']"
"Las Vegas-Henderson-Paradise, NV","['Clark County, NV']"
"Lawrence, KS","['Douglas County, KS']"
"Lawton, OK","['Comanche County, OK', 'Cotton County, OK']"
"Lebanon, PA","['Lebanon County, PA']"
"Lewiston, ID-WA","['Nez Perce County, ID', 'Asotin County, WA']"
"Lewiston-Auburn, ME","['Androscoggin County, ME']"
"Lexington-Fayette, KY","['Bourbon County, KY', 'Clark County, KY', 'Fayette County, KY', 'Jessamine County, KY', 'Scott County, KY', 'Woodford County, KY']"
"Lima, OH","['Allen County, OH']"
"Lincoln, NE","['Lancaster County, NE', 'Seward County, NE']"
"Little Rock-North Little Rock-Conway, AR","['Faulkner County, AR', 'Grant County, AR', 'Lonoke County, AR', 'Perry County, AR', 'Pulaski County, AR', 'Saline County, AR']"
"Logan, UT-ID","['Franklin County, ID', 'Cache County, UT']"
"Longview, TX","['Gregg County, TX', 'Harrison County, TX', 'Rusk County, TX', 'Upshur County, TX']"
"Longview, WA","['Cowlitz County, WA']"
"Los Angeles-Long Beach-Anaheim, CA","['Los Angeles County, CA', 'Orange County, CA']"
"Louisville/Jefferson County, KY-IN","['Clark County, IN', 'Floyd County, IN', 'Harrison County, IN', 'Washington County, IN', 'Bullitt County, KY', 'Henry County, KY', 'Jefferson County, KY', 'Oldham County, KY', 'Shelby County, KY', 'Spencer County, KY']"
"Lubbock, TX","['Crosby County, TX', 'Lubbock County, TX', 'Lynn County, TX']"
"Lynchburg, VA","['Amherst County, VA', 'Appomattox County, VA', 'Bedford County, VA', 'Campbell County, VA', 'Lynchburg, VA']"
"Macon-Bibb County, GA","['Bibb County, GA', 'Crawford County, GA', 'Jones County, GA', 'Monroe County, GA', 'Twiggs County, GA']"
"Madera, CA","['Madera County, CA']"
"Madison, WI","['Columbia County, WI', 'Dane County, WI', 'Green County, WI', 'Iowa County, WI']"
"Manchester-Nashua, NH","['Hillsborough County, NH']"
"Manhattan, KS","['Geary County, KS', 'Pottawatomie County, KS', 'Riley County, KS']"
"Mankato, MN","['Blue Earth County, MN', 'Nicollet County, MN']"
"Mansfield, OH","['Richland County, OH']"
"McAllen-Edinburg-Mission, TX","['Hidalgo County, TX']"
"Medford, OR","['Jackson County, OR']"
"Memphis, TN-MS-AR","['Crittenden County, AR', 'DeSoto County, MS', 'Marshall County, MS', 'Tate County, MS', 'Tunica County, MS', 'Fayette County, TN', 'Shelby County, TN', 'Tipton County, TN']"
"Merced, CA","['Merced County, CA']"
"Miami-Fort Lauderdale-Pompano Beach, FL","['Broward County, FL', 'Miami-Dade County, FL', 'Palm Beach County, FL']"
"Michigan City-La Porte, IN","['LaPorte County, IN']"
"Midland, MI","['Midland County, MI']"
"Midland, TX","['Martin County, TX', 'Midland County, TX']"
"Milwaukee-Waukesha, WI","['Milwaukee County, WI', 'Ozaukee County, WI', 'Washington County, WI', 'Waukesha County, WI']"
"Minneapolis-St. Paul-Bloomington, MN-WI","['Anoka County, MN', 'Carver County, MN', 'Chisago County, MN', 'Dakota County, MN', 'Hennepin County, MN', 'Isanti County, MN', 'Le Sueur County, MN', 'Mille Lacs County, MN', 'Ramsey County, MN', 'Scott County, MN', 'Sherburne County, MN', 'Washington County, MN', 'Wright County, MN', 'Pierce County, WI', 'St. Croix County, WI']"
"Missoula, MT","['Missoula County, MT']"
"Mobile, AL","['Mobile County, AL', 'Washington County, AL']"
"Modesto, CA","['Stanislaus County, CA']"
"Monroe, LA","['Morehouse County, LA', 'Ouachita County, LA', 'Union County, LA']"
"Monroe, MI","['Monroe County, MI']"
"Montgomery, AL","['Autauga County, AL', 'Elmore County, AL', 'Lowndes County, AL', 'Montgomery County, AL']"
"Morgantown, WV","['Monongalia County, WV', 'Preston County, WV']"
"Morristown, TN","['Grainger County, TN', 'Hamblen County, TN', 'Jefferson County, TN']"
"Mount Vernon-Anacortes, WA","['Skagit County, WA']"
"Muncie, IN","['Delaware County, IN']"
"Muskegon, MI","['Muskegon County, MI']"
"Myrtle Beach-Conway-North Myrtle Beach, SC-NC","['Brunswick County, NC', 'Horry County, SC']"
"Napa, CA","['Napa County, CA']"
"Naples-Marco Island, FL","['Collier County, FL']"
"Nashville-Davidson--Murfreesboro--Franklin, TN","['Cannon County, TN', 'Cheatham County, TN', 'Davidson County, TN', 'Dickson County, TN', 'Macon County, TN', 'Maury County, TN', 'Robertson County, TN', 'Rutherford County, TN', 'Smith County, TN', 'Sumner County, TN', 'Trousdale County, TN', 'Williamson County, TN', 'Wilson County, TN']"
"New Bern, NC","['Craven County, NC', 'Jones County, NC', 'Pamlico County, NC']"
"New Haven-Milford, CT","['New Haven County, CT']"
"New Orleans-Metairie, LA","['Jefferson County, LA', 'Orleans County, LA', 'Plaquemines County, LA', 'St. Bernard County, LA', 'St. Charles County, LA', 'St. James County, LA', 'St. John the Baptist County, LA', 'St. Tammany County, LA']"
"New York-Newark-Jersey City, NY-NJ-PA","['Bergen County, NJ', 'Essex County, NJ', 'Hudson County, NJ', 'Hunterdon County, NJ', 'Middlesex County, NJ', 'Monmouth County, NJ', 'Morris County, NJ', 'Ocean County, NJ', 'Passaic County, NJ', 'Somerset County, NJ', 'Sussex County, NJ', 'Union County, NJ', 'Bronx County, NY', 'Kings County, NY', 'Nassau County, NY', 'New York County, NY', 'Putnam County, NY', 'Queens County, NY', 'Richmond County, NY', 'Rockland County, NY', 'Suffolk County, NY', 'Westchester County, NY', 'Pike County, PA']"
"Niles, MI","['Berrien County, MI']"
"North Port-Sarasota-Bradenton, FL","['Manatee County, FL', 'Sarasota County, FL']"
"Norwich-New London, CT","['New London County, CT']"
"Ocala, FL","['Marion County, FL']"
"Ocean City, NJ","['Cape May County, NJ']"
"Odessa, TX","['Ector County, TX']"
"Ogden-Clearfield, UT","['Box Elder County, UT', 'Davis County, UT', 'Morgan County, UT', 'Weber County, UT']"
"Oklahoma City, OK","['Canadian County, OK', 'Cleveland County, OK', 'Grady County, OK', 'Lincoln County, OK', 'Logan County, OK', 'McClain County, OK', 'Oklahoma County, OK']"
"Olympia-Lacey-Tumwater, WA","['Thurston County, WA']"
"Omaha-Council Bluffs, NE-IA","['Harrison County, IA', 'Mills County, IA', 'Pottawattamie County, IA', 'Cass County, NE', 'Douglas County, NE', 'Sarpy County, NE', 'Saunders County, NE', 'Washington County, NE']"
"Orlando-Kissimmee-Sanford, FL","['Lake County, FL', 'Orange County, FL', 'Osceola County, FL', 'Seminole County, FL']"
"Oshkosh-Neenah, WI","['Winnebago County, WI']"
"Owensboro, KY","['Daviess County, KY', 'Hancock County, KY', 'McLean County, KY']"
"Oxnard-Thousand Oaks-Ventura, CA","['Ventura County, CA']"
"Palm Bay-Melbourne-Titusville, FL","['Brevard County, FL']"
"Panama City, FL","['Bay County, FL']"
"Parkersburg-Vienna, WV","['Wirt County, WV', 'Wood County, WV']"
"Pensacola-Ferry Pass-Brent, FL","['Escambia County, FL', 'Santa Rosa County, FL']"
"Peoria, IL","['Fulton County, IL', 'Marshall County, IL', 'Peoria County, IL', 'Stark County, IL', 'Tazewell County, IL', 'Woodford County, IL']"
"Philadelphia-Camden-Wilmington, PA-NJ-DE-MD","['New Castle County, DE', 'Cecil County, MD', 'Burlington County, NJ', 'Camden County, NJ', 'Gloucester County, NJ', 'Salem County, NJ', 'Bucks County, PA', 'Chester County, PA', 'Delaware County, PA', 'Montgomery County, PA', 'Philadelphia County, PA']"
"Phoenix-Mesa-Chandler, AZ","['Maricopa County, AZ', 'Pinal County, AZ']"
"Pine Bluff, AR","['Cleveland County, AR', 'Jefferson County, AR', 'Lincoln County, AR']"
"Pittsburgh, PA","['Allegheny County, PA', 'Armstrong County, PA', 'Beaver County, PA', 'Butler County, PA', 'Fayette County, PA', 'Washington County, PA', 'Westmoreland County, PA']"
"Pittsfield, MA","['Berkshire County, MA']"
"Pocatello, ID","['Bannock County, ID', 'Power County, ID']"
"Portland-South Portland, ME","['Cumberland County, ME', 'Sagadahoc County, ME', 'York County, ME']"
"Portland-Vancouver-Hillsboro, OR-WA","['Clackamas County, OR', 'Columbia County, OR', 'Multnomah County, OR', 'Washington County, OR', 'Yamhill County, OR', 'Clark County, WA', 'Skamania County, WA']"
"Port St. Lucie, FL","['Martin County, FL', 'St. Lucie County, FL']"
"Poughkeepsie-Newburgh-Middletown, NY","['Dutchess County, NY', 'Orange County, NY']"
"Prescott Valley-Prescott, AZ","['Yavapai County, AZ']"
"Providence-Warwick, RI-MA","['Bristol County, MA', 'Bristol County, RI', 'Kent County, RI', 'Newport County, RI', 'Providence County, RI', 'Washington County, RI']"
"Provo-Orem, UT","['Juab County, UT', 'Utah County, UT']"
"Pueblo, CO","['Pueblo County, CO']"
"Punta Gorda, FL","['Charlotte County, FL']"
"Racine, WI","['Racine County, WI']"
"Raleigh-Cary, NC","['Franklin County, NC', 'Johnston County, NC', 'Wake County, NC']"
"Rapid City, SD","['Meade County, SD', 'Pennington County, SD']"
"Reading, PA","['Berks County, PA']"
"Redding, CA","['Shasta County, CA']"
"Reno, NV","['Storey County, NV', 'Washoe County, NV']"
"Richmond, VA","['Amelia County, VA', 'Charles City County, VA', 'Chesterfield County, VA', 'Goochland County, VA', 'Hanover County, VA', 'Henrico County, VA', 'King and Queen County, VA', 'King William County, VA', 'New Kent County, VA', 'Powhatan County, VA', 'Sussex County, VA', 'Richmond, VA', 'Dinwiddie County, VA', 'Colonial Heights, VA', 'Petersburg, VA', 'Prince George County, VA', 'Hopewell, VA']"
"Riverside-San Bernardino-Ontario, CA","['Riverside County, CA', 'San Bernardino County, CA']"
"Roanoke, VA","['Botetourt County, VA', 'Craig County, VA', 'Franklin County, VA', 'Roanoke, VA', 'Roanoke County, VA', 'Salem, VA']"
"Rochester, MN","['Dodge County, MN', 'Fillmore County, MN', 'Olmsted County, MN', 'Wabasha County, MN']"
"Rochester, NY","['Livingston County, NY', 'Monroe County, NY', 'Ontario County, NY', 'Orleans County, NY', 'Wayne County, NY', 'Yates County, NY']"
"Rockford, IL","['Boone County, IL', 'Winnebago County, IL']"
"Rocky Mount, NC","['Edgecombe County, NC', 'Nash County, NC']"
"Rome, GA","['Floyd County, GA']"
"Sacramento-Roseville-Folsom, CA","['El Dorado County, CA', 'Placer County, CA', 'Sacramento County, CA', 'Yolo County, CA']"
"Saginaw, MI","['Saginaw County, MI']"
"St. Cloud, MN","['Benton County, MN', 'Stearns County, MN']"
"St. George, UT","['Washington County, UT']"
"St. Joseph, MO-KS","['Doniphan County, KS', 'Andrew County, MO', 'Buchanan County, MO', 'DeKalb County, MO']"
"St. Louis, MO-IL","['Bond County, IL', 'Calhoun County, IL', 'Clinton County, IL', 'Jersey County, IL', 'Macoupin County, IL', 'Madison County, IL', 'Monroe County, IL', 'St. Clair County, IL', 'Franklin County, MO', 'Jefferson County, MO', 'Lincoln County, MO', 'St. Charles County, MO', 'St. Louis County, MO', 'Warren County, MO', 'St. Louis, MO']"
"Salem, OR","['Marion County, OR', 'Polk County, OR']"
"Salinas, CA","['Monterey County, CA']"
"Salisbury, MD-DE","['Sussex County, DE', 'Somerset County, MD', 'Wicomico County, MD', 'Worcester County, MD']"
"Salt Lake City, UT","['Salt Lake County, UT', 'Tooele County, UT']"
"San Angelo, TX","['Irion County, TX', 'Sterling County, TX', 'Tom Green County, TX']"
"San Antonio-New Braunfels, TX","['Atascosa County, TX', 'Bandera County, TX', 'Bexar County, TX', 'Comal County, TX', 'Guadalupe County, TX', 'Kendall County, TX', 'Medina County, TX', 'Wilson County, TX']"
"San Diego-Chula Vista-Carlsbad, CA","['San Diego County, CA']"
"San Francisco-Oakland-Berkeley, CA","['Alameda County, CA', 'Contra Costa County, CA', 'Marin County, CA', 'San Francisco County, CA', 'San Mateo County, CA']"
"San Jose-Sunnyvale-Santa Clara, CA","['San Benito County, CA', 'Santa Clara County, CA']"
"San Luis Obispo-Paso Robles, CA","['San Luis Obispo County, CA']"
"Santa Cruz-Watsonville, CA","['Santa Cruz County, CA']"
"Santa Fe, NM","['Santa Fe County, NM']"
"Santa Maria-Santa Barbara, CA","['Santa Barbara County, CA']"
"Santa Rosa-Petaluma, CA","['Sonoma County, CA']"
"Savannah, GA","['Bryan County, GA', 'Chatham County, GA', 'Effingham County, GA']"
"Scranton--Wilkes-Barre, PA","['Lackawanna County, PA', 'Luzerne County, PA', 'Wyoming County, PA']"
"Seattle-Tacoma-Bellevue, WA","['King County, WA', 'Pierce County, WA', 'Snohomish County, WA']"
"Sebastian-Vero Beach, FL","['Indian River County, FL']"
"Sebring-Avon Park, FL","['Highlands County, FL']"
"Sheboygan, WI","['Sheboygan County, WI']"
"Sherman-Denison, TX","['Grayson County, TX']"
"Shreveport-Bossier City, LA","['Bossier County, LA', 'Caddo County, LA', 'De Soto County, LA']"
"Sierra Vista-Douglas, AZ","['Cochise County, AZ']"
"Sioux City, IA-NE-SD","['Woodbury County, IA', 'Dakota County, NE', 'Dixon County, NE', 'Union County, SD']"
"Sioux Falls, SD","['Lincoln County, SD', 'McCook County, SD', 'Minnehaha County, SD', 'Turner County, SD']"
"South Bend-Mishawaka, IN-MI","['St. Joseph County, IN', 'Cass County, MI']"
"Spartanburg, SC","['Spartanburg County, SC']"
"Spokane-Spokane Valley, WA","['Spokane County, WA', 'Stevens County, WA']"
"Springfield, IL","['Menard County, IL', 'Sangamon County, IL']"
"Springfield, MA","['Franklin County, MA', 'Hampden County, MA', 'Hampshire County, MA']"
"Springfield, MO","['Christian County, MO', 'Dallas County, MO', 'Greene County, MO', 'Polk County, MO', 'Webster County, MO']"
"Springfield, OH","['Clark County, OH']"
"State College, PA","['Centre County, PA']"
"Staunton, VA","['Augusta County, VA', 'Staunton, VA', 'Waynesboro, VA']"
"Stockton, CA","['San Joaquin County, CA']"
"Sumter, SC","['Clarendon County, SC', 'Sumter County, SC']"
"Syracuse, NY","['Madison County, NY', 'Onondaga County, NY', 'Oswego County, NY']"
"Tallahassee, FL","['Gadsden County, FL', 'Jefferson County, FL', 'Leon County, FL', 'Wakulla County, FL']"
"Tampa-St. Petersburg-Clearwater, FL","['Hernando County, FL', 'Hillsborough County, FL', 'Pasco County, FL', 'Pinellas County, FL']"
"Terre Haute, IN","['Clay County, IN', 'Parke County, IN', 'Sullivan County, IN', 'Vermillion County, IN', 'Vigo County, IN']"
"Texarkana, TX-AR","['Little River County, AR', 'Miller County, AR', 'Bowie County, TX']"
"The Villages, FL","['Sumter County, FL']"
"Toledo, OH","['Fulton County, OH', 'Lucas County, OH', 'Ottawa County, OH', 'Wood County, OH']"
"Topeka, KS","['Jackson County, KS', 'Jefferson County, KS', 'Osage County, KS', 'Shawnee County, KS', 'Wabaunsee County, KS']"
"Trenton-Princeton, NJ","['Mercer County, NJ']"
"Tucson, AZ","['Pima County, AZ']"
"Tulsa, OK","['Creek County, OK', 'Okmulgee County, OK', 'Osage County, OK', 'Pawnee County, OK', 'Rogers County, OK', 'Tulsa County, OK', 'Wagoner County, OK']"
"Tuscaloosa, AL","['Greene County, AL', 'Hale County, AL', 'Pickens County, AL', 'Tuscaloosa County, AL']"
"Twin Falls, ID","['Jerome County, ID', 'Twin Falls County, ID']"
"Tyler, TX","['Smith County, TX']"
"Urban Honolulu, HI","['Honolulu County, HI']"
"Utica-Rome, NY","['Herkimer County, NY', 'Oneida County, NY']"
"Valdosta, GA","['Brooks County, GA', 'Echols County, GA', 'Lanier County, GA', 'Lowndes County, GA']"
"Vallejo, CA","['Solano County, CA']"
"Victoria, TX","['Goliad County, TX', 'Victoria County, TX']"
"Vineland-Bridgeton, NJ","['Cumberland County, NJ']"
"Virginia Beach-Norfolk-Newport News, VA-NC","['Camden County, NC', 'Currituck County, NC', 'Gates County, NC', 'Gloucester County, VA', 'Isle of Wight County, VA', 'Mathews County, VA', 'Chesapeake, VA', 'Hampton, VA', 'Newport News, VA', 'Norfolk, VA', 'Portsmouth, VA', 'Suffolk, VA', 'Virginia Beach, VA', 'James City County, VA', 'Williamsburg,, VA', 'Southampton County, VA', 'Franklin, VA', 'York County, VA', 'Poquoson, VA']"
"Visalia, CA","['Tulare County, CA']"
"Waco, TX","['Falls County, TX', 'McLennan County, TX']"
"Walla Walla, WA","['Walla Walla County, WA']"
"Warner Robins, GA","['Houston County, GA', 'Peach County, GA']"
"Washington-Arlington-Alexandria, DC-VA-MD-WV","['District of Columbia County, DC', 'Calvert County, MD', 'Charles County, MD', 'Frederick County, MD', 'Montgomery County, MD', ""Prince George's County, MD"", 'Arlington County, VA', 'Clarke County, VA', 'Culpeper County, VA', 'Fauquier County, VA', 'Loudoun County, VA', 'Madison County, VA', 'Rappahannock County, VA', 'Stafford County, VA', 'Warren County, VA', 'Alexandria, VA', 'Fairfax County, VA', 'Fairfax, VA', 'Falls Church, VA', 'Prince William County, VA', 'Manassas, VA', 'Manassas Park, VA', 'Spotsylvania County, VA', 'Fredericksburg, VA', 'Jefferson County, WV']"
"Waterloo-Cedar Falls, IA","['Black Hawk County, IA', 'Bremer County, IA', 'Grundy County, IA']"
"Watertown-Fort Drum, NY","['Jefferson County, NY']"
"Wausau-Weston, WI","['Lincoln County, WI', 'Marathon County, WI']"
"Weirton-Steubenville, WV-OH","['Jefferson County, OH', 'Brooke County, WV', 'Hancock County, WV']"
"Wenatchee, WA","['Chelan County, WA', 'Douglas County, WA']"
"Wheeling, WV-OH","['Belmont County, OH', 'Marshall County, WV', 'Ohio County, WV']"
"Wichita, KS","['Butler County, KS', 'Harvey County, KS', 'Sedgwick County, KS', 'Sumner County, KS']"
"Wichita Falls, TX","['Archer County, TX', 'Clay County, TX', 'Wichita County, TX']"
"Williamsport, PA","['Lycoming County, PA']"
"Wilmington, NC","['New Hanover County, NC', 'Pender County, NC']"
"Winchester, VA-WV","['Frederick County, VA', 'Winchester, VA', 'Hampshire County, WV']"
"Winston-Salem, NC","['Davidson County, NC', 'Davie County, NC', 'Forsyth County, NC', 'Stokes County, NC', 'Yadkin County, NC']"
"Worcester, MA-CT","['Windham County, CT', 'Worcester County, MA']"
"Yakima, WA","['Yakima County, WA']"
"York-Hanover, PA","['York County, PA']"
"Youngstown-Warren-Boardman, OH-PA","['Mahoning County, OH', 'Trumbull County, OH', 'Mercer County, PA']"
"Yuba City, CA","['Sutter County, CA', 'Yuba County, CA']"
"Yuma, AZ","['Yuma County, AZ']"
